Month 2025;Month Year;Libelle simplifie;Libelle operation;Type operation;Categorie;Sous categorie;Debit;Credit
Oct;27/10/2025;SFR;PRLV SFR;Prelevement;Logement - maison;Internet et telephonie;7.99;
Oct;27/10/2025;CARREFOUR;CB CARREFOUR FACT 241025;Carte bancaire;Shopping et services;Alimentation;97.66;
Oct;25/10/2025;IKEA;CB IKEA PLAISIR FACT 231025;Carte bancaire;Logement - maison;Ameublement et travaux;38.95;
Oct;20/10/2025;AUCHAN;CB AUCHAN PLAISIR FACT 171025;Carte bancaire;Shopping et services;Alimentation;5.82;
Oct;16/10/2025;COTISATIONS BANCAIRES;COTIS FORMULE CONFORT FAMILLE;Frais bancaires;Impots & taxes & assurances;Frais bancaires;21.25;
Oct;15/10/2025;DGFIP;PRLV DIRECTION GENERALE DES FINA;Prelevement;Impots & taxes & assurances;Impots et taxes - autre;114;
Oct;14/10/2025;BOUYGUES TELECOM;PRLV BOUYGUES TELECOM BOUYGUES T;Prelevement;Logement - maison;Internet et telephonie;13.99;
Oct;14/10/2025;AUCHAN;CB AUCHAN PLAISIR FACT 121025;Carte bancaire;Shopping et services;Alimentation;84.08;
Oct;13/10/2025;MARNIERE;CB MARNIERE FACT 101025;Carte bancaire;Shopping et services;Alimentation;17.84;
Oct;08/10/2025;SFR;PRLV SFR;Prelevement;Logement - maison;Internet et telephonie;22.99;
Oct;06/10/2025;BPCE ASSURANCES;PRLV BPCE ASSURANCES IARD;Prelevement;Impots & taxes & assurances;Assurance;31.5;
Oct;06/10/2025;ECHEANCE DE CREDIT;ECH PRET 548183G DU 05/10/25;Pret;Logement - maison;Prˆt;445.06;
Oct;06/10/2025;AEROPORT CHARLES DE GAULLE;CB ADP ROISSY P1 FACT 041025;Carte bancaire;Transports;Peage et Stationnement;6.5;
Oct;06/10/2025;CARREFOUR;CB CARREFOUR FACT 031025;Carte bancaire;Shopping et services;Alimentation;16.89;
Oct;02/10/2025;EDF;PRLV EDF clients particuliers;Prelevement;Logement - maison;Energie eau;39.43;
Sep;29/09/2025;PAINS GOURMETS;CB PAINS GOURMETS FACT 270925;Carte bancaire;Shopping et services;Small Shops;2.85;
Sep;29/09/2025;CARREFOUR;CB CARREFOUR FACT 260925;Carte bancaire;Shopping et services;Alimentation;100.03;
Sep;26/09/2025;SYNDICAT DE COPROPRIETE BRIGITTE HAMEAUX 4 ET 5;PRLV SYNDICAT BRIGITTE HAMEAUX 4;Prelevement;Logement - maison;Frais d'entretien;858.09;
Sep;26/09/2025;SFR;PRLV SFR;Prelevement;Logement - maison;Internet et telephonie;7.99;
Sep;25/09/2025;LPCR GROUPE;LPCR GROUPE;Virement;Education et famille;Garde d'enfant;314.04;
Sep;25/09/2025;SYNDICAT DE COPROPRIETE LE VILLAGE CHANTELOUP;PRLV C0371 SDC VILLAGE CHANTELOU;Prelevement;Logement - maison;Frais d'entretien;1300.8;
Sep;22/09/2025;CARREFOUR;CB CARREFOUR FACT 190925;Carte bancaire;Shopping et services;Alimentation;5.49;
Sep;16/09/2025;COTISATIONS BANCAIRES;COTIS FORMULE CONFORT FAMILLE;Frais bancaires;Impots & taxes & assurances;Frais bancaires;21.25;
Sep;15/09/2025;DGFIP;PRLV DIRECTION GENERALE DES FINA;Prelevement;Impots & taxes & assurances;Impots et taxes - autre;114;
Sep;15/09/2025;CARREFOUR;CB CARREFOUR FACT 130925;Carte bancaire;Shopping et services;Alimentation;137.43;
Sep;15/09/2025;DR SOBOTKA;CB DR SOBOTKA FACT 120925;Carte bancaire;Sante;Consultation medicale;70;
Sep;12/09/2025;BOUYGUES TELECOM;PRLV BOUYGUES TELECOM BOUYGUES T;Prelevement;Logement - maison;Internet et telephonie;13.99;
Sep;12/09/2025;DGFIP;PRLV DIRECTION GENERALE DES FINA;Prelevement;Impots & taxes & assurances;Impots et taxes - autre;1689;
Sep;08/09/2025;SFR;PRLV SFR;Prelevement;Logement - maison;Internet et telephonie;22.99;
Sep;08/09/2025;AUCHAN;CB AUCHAN PLAISIR FACT 060925;Carte bancaire;Shopping et services;Alimentation;61.08;
Sep;05/09/2025;BPCE ASSURANCES;PRLV BPCE ASSURANCES IARD;Prelevement;Impots & taxes & assurances;Assurance;37.01;
Sep;05/09/2025;ECHEANCE DE CREDIT;ECH PRET 548183G DU 05/09/25;Pret;Logement - maison;Prˆt;445.06;
Sep;01/09/2025;EDF;PRLV EDF clients particuliers;Prelevement;Logement - maison;Energie eau;39.43;
Aug;27/08/2025;SFR;PRLV SFR;Prelevement;Logement - maison;Internet et telephonie;7.99;
Aug;18/08/2025;COTISATIONS BANCAIRES;COTIS FORMULE CONFORT FAMILLE;Frais bancaires;Impots & taxes & assurances;Frais bancaires;21.25;
Aug;18/08/2025;DGFIP;PRLV DIRECTION GENERALE DES FINA;Prelevement;Impots & taxes & assurances;Impots et taxes - autre;114;
Aug;14/08/2025;BOUYGUES TELECOM;PRLV BOUYGUES TELECOM BOUYGUES T;Prelevement;Logement - maison;Internet et telephonie;13.99;
Aug;14/08/2025;SAINT DENIS;CB SAINT DENIS FACT 120825;Carte bancaire;Logement - maison;Internet et telephonie;6.9;
Aug;11/08/2025;CARREFOUR;CB CARREFOUR FACT 080825;Carte bancaire;Shopping et services;Alimentation;72.96;
Aug;08/08/2025;SFR;PRLV SFR;Prelevement;Logement - maison;Internet et telephonie;22.99;
Aug;05/08/2025;BPCE ASSURANCES;PRLV BPCE ASSURANCES IARD;Prelevement;Impots & taxes & assurances;Assurance;32.84;
Aug;05/08/2025;ECHEANCE DE CREDIT;ECH PRET 548183G DU 05/08/25;Pret;Logement - maison;Prˆt;445.06;
Aug;04/08/2025;CARREFOUR;CB CARREFOUR FACT 010825;Carte bancaire;Shopping et services;Alimentation;45.15;
Aug;01/08/2025;EDF;PRLV EDF clients particuliers;Prelevement;Logement - maison;Energie eau;39.43;
Jul;31/07/2025;KFC;CB KFC PLAISIR FACT 280725;Carte bancaire;Shopping et services;Restaurant;11.39;
Jul;29/07/2025;SUZUKA 130R;CB KODAWARI RAMEN FACT 260725;Carte bancaire;Shopping et services;Restaurant;42.5;
Jul;29/07/2025;MC THE;CB MC THE FACT 260725;Carte bancaire;Shopping et services;Restaurant;6.8;
Jul;28/07/2025;SFR;PRLV SFR;Prelevement;Logement - maison;Internet et telephonie;7.99;
Jul;28/07/2025;SERVICE NAVIGO;CB SERVICE NAVIGO FACT 260725;Carte bancaire;Transports;Transports en commun;5;
Jul;28/07/2025;CARREFOUR;CB CARREFOUR FACT 250725;Carte bancaire;Shopping et services;Alimentation;37.19;
Jul;26/07/2025;DO DANG PARRAMO;CB DO DANG PARRAMO FACT 240725;Carte bancaire;Sante;Consultation medicale;80;
Jul;25/07/2025;DGFIP FINANCES PUBLIQU;VIR SEPA DGFIP FINANCES PUBLIQU;Virement recu;Rentree d'argent;Aides et allocations;;579
Jul;21/07/2025;CARREFOUR;CB CARREFOUR FACT 180725;Carte bancaire;Shopping et services;Alimentation;68.59;
Jul;17/07/2025;COTISATIONS BANCAIRES;COTIS FORMULE CONFORT FAMILLE;Frais bancaires;Impots & taxes & assurances;Frais bancaires;21.25;
Jul;16/07/2025;LEROY MERLIN;CB LMFR BOIS D ARC FACT 130725;Carte bancaire;Logement - maison;Ameublement et travaux;41.8;
Jul;16/07/2025;CARREFOUR;CB CARREFOUR FACT 130725;Carte bancaire;Shopping et services;Alimentation;29.52;
Jul;15/07/2025;BOUYGUES TELECOM;PRLV BOUYGUES TELECOM BOUYGUES T;Prelevement;Logement - maison;Internet et telephonie;13.99;
Jul;15/07/2025;DGFIP;PRLV DIRECTION GENERALE DES FINA;Prelevement;Impots & taxes & assurances;Impots et taxes - autre;114;
Jul;12/07/2025;STATTELPAYBYPHO;CB STATTELPAYBYPHO FACT 100725;Carte bancaire;Transports;;12;
Jul;09/07/2025;PDR TEAM;CB PDR TEAM FACT 070725;Carte bancaire;Transports;Entretien de vehicule;262;
Jul;08/07/2025;SFR;PRLV SFR;Prelevement;Logement - maison;Internet et telephonie;22.99;
Jul;07/07/2025;BPCE ASSURANCES;PRLV BPCE ASSURANCES IARD;Prelevement;Impots & taxes & assurances;Assurance;32.84;
Jul;07/07/2025;DO DANG PARRAMO;CB DO DANG PARRAMO FACT 040725;Carte bancaire;Sante;Consultation medicale;45;
Jul;05/07/2025;ECHEANCE DE CREDIT;ECH PRET 548183G DU 05/07/25;Pret;Logement - maison;Prˆt;445.06;
Jul;04/07/2025;EVANCIA;PRLV EVANCIA SAS;Prelevement;Education et famille;Garde d'enfant;274.53;
Jul;02/07/2025;EDF;PRLV EDF clients particuliers;Prelevement;Logement - maison;Energie eau;39.43;
Jul;02/07/2025;SYNDICAT DE COPROPRIETE LE VILLAGE CHANTELOUP;PRLV C0371 SDC VILLAGE CHANTELOU;Prelevement;Logement - maison;Frais d'entretien;145.37;
Jul;01/07/2025;CARREFOUR;CB CARREFOUR FACT 290625;Carte bancaire;Shopping et services;Alimentation;54.78;
Jun;30/06/2025;SYNDICAT DE COPROPRIETE BRIGITTE HAMEAUX 4 ET 5;PRLV SYNDICAT BRIGITTE HAMEAUX 4;Prelevement;Logement - maison;Frais d'entretien;952.26;
Jun;30/06/2025;LEROY MERLIN;CB LMFR BOIS D ARC FACT 280625;Carte bancaire;Logement - maison;Ameublement et travaux;22.97;
Jun;27/06/2025;SFR;PRLV SFR;Prelevement;Logement - maison;Internet et telephonie;7.99;
Jun;26/06/2025;PHOTOMATON;CB PHOTOMATON FACT 230625;Carte bancaire;Shopping et services;Shopping et services - autre;5;
Jun;24/06/2025;CASTORAMA;CB CASTORAMA FACT 210625;Carte bancaire;Logement - maison;Ameublement et travaux;16.9;
Jun;23/06/2025;IKEA;CB IKEA PLAISIR FACT 210625;Carte bancaire;Logement - maison;Ameublement et travaux;22.45;
Jun;23/06/2025;CARREFOUR;CB CARREFOUR FACT 200625;Carte bancaire;Shopping et services;Alimentation;71.18;
Jun;20/06/2025;AUCHAN DAC;CB AUCHAN DAC FACT 180625;Carte bancaire;Transports;Carburant;18.51;
Jun;16/06/2025;COTISATIONS BANCAIRES;COTIS FORMULE CONFORT FAMILLE;Frais bancaires;Impots & taxes & assurances;Frais bancaires;21.25;
Jun;16/06/2025;BOUYGUES TELECOM;PRLV BOUYGUES TELECOM BOUYGUES T;Prelevement;Logement - maison;Internet et telephonie;13.99;
Jun;16/06/2025;DGFIP;PRLV DIRECTION GENERALE DES FINA;Prelevement;Impots & taxes & assurances;Impots et taxes - autre;114;
Jun;13/06/2025;QATAR AIR 000;CB QATAR AIR 000 FACT 110625;Carte bancaire;Loisirs et vacances;Trains;962.49;
Jun;10/06/2025;SFR;PRLV SFR;Prelevement;Logement - maison;Internet et telephonie;22.99;
Jun;10/06/2025;CARREFOUR;CB CARREFOUR FACT 080625;Carte bancaire;Shopping et services;Alimentation;152.16;
Jun;10/06/2025;LE SECRET DU PL;CB LE SECRET DU PL FACT 080625;Carte bancaire;Shopping et services;Small Shops;5;
Jun;09/06/2025;SERVICE NAVIGO;CB SERVICE NAVIGO FACT 070625;Carte bancaire;Transports;Transports en commun;2.5;
Jun;06/06/2025;CARREFOUR MAYOL;CB CARREFOUR MAYOL FACT 040625;Carte bancaire;Shopping et services;Alimentation;35.05;
Jun;05/06/2025;EVANCIA;PRLV EVANCIA SAS;Prelevement;Education et famille;Garde d'enfant;279.98;
Jun;05/06/2025;BPCE ASSURANCES;PRLV BPCE ASSURANCES IARD;Prelevement;Impots & taxes & assurances;Assurance;32.84;
Jun;05/06/2025;ECHEANCE DE CREDIT;ECH PRET 548183G DU 05/06/25;Pret;Logement - maison;Prˆt;445.06;
Jun;05/06/2025;INTER GREECE149;CB INTER GREECE149 FACT 030625;Carte bancaire;Shopping et services;Alimentation;10.88;
Jun;05/06/2025;BOULANGERIE C.J;CB BOULANGERIE C.J FACT 030625;Carte bancaire;Shopping et services;Small Shops;2.6;
Jun;04/06/2025;INTER GREECE149;CB INTER GREECE149 FACT 020625;Carte bancaire;Shopping et services;Alimentation;1.29;
Jun;02/06/2025;EDF;PRLV EDF clients particuliers;Prelevement;Logement - maison;Energie eau;39.43;
Jun;02/06/2025;SERVICE NAVIGO;CB SERVICE NAVIGO FACT 310525;Carte bancaire;Transports;Transports en commun;2.5;
May;31/05/2025;Vietnam Airline;CB Vietnam Airline FACT 290525;Carte bancaire;Loisirs et vacances;Trains;438.21;
May;29/05/2025;BOULANGERIE LA;CB BOULANGERIE LA FACT 270525;Carte bancaire;Shopping et services;Small Shops;1.3;
May;29/05/2025;SAS AUX SAVEU;CB SAS AUX SAVEU FACT 260525;Carte bancaire;Shopping et services;Small Shops;1.3;
May;28/05/2025;SIMPLY MARKET;CB AUCHAN SUPERMAR FACT 260525;Carte bancaire;Shopping et services;Shopping et services - autre;5.26;
May;27/05/2025;SFR;PRLV SFR;Prelevement;Logement - maison;Internet et telephonie;7.99;
May;27/05/2025;AUCHAN;CB AUCHAN PLAISIR FACT 250525;Carte bancaire;Shopping et services;Alimentation;74.47;
May;27/05/2025;NOCIBE;CB NOCIBE FACT 240525;Carte bancaire;Shopping et services;Coiffeurs et soins du corps;69;
May;26/05/2025;MAI DISTRIBUTIO;CB MAI DISTRIBUTIO FACT 240525;Carte bancaire;Shopping et services;Alimentation;87.6;
May;26/05/2025;DO DANG PARRAMO;CB DO DANG PARRAMO FACT 230525;Carte bancaire;Sante;Consultation medicale;45;
May;26/05/2025;DO DANG PARRAMO;CB DO DANG PARRAMO FACT 230525;Carte bancaire;Sante;Consultation medicale;35;
May;24/05/2025;PHARMACIE CENTRE BRIGITTE;CB PHARMA BRIGITTE FACT 220525;Carte bancaire;Sante;Pharmacie;40.24;
May;19/05/2025;AUCHAN;CB AUCHAN PLAISIR FACT 160525;Carte bancaire;Shopping et services;Alimentation;104.34;
May;17/05/2025;FDJ;CB FDJ FACT 150525;Carte bancaire;Shopping et services;Shopping et services - autre;8;
May;15/05/2025;COTISATIONS BANCAIRES;COTIS FORMULE CONFORT FAMILLE;Frais bancaires;Impots & taxes & assurances;Frais bancaires;21.25;
May;15/05/2025;DGFIP;PRLV DIRECTION GENERALE DES FINA;Prelevement;Impots & taxes & assurances;Impots et taxes - autre;114;
May;14/05/2025;BOUYGUES TELECOM;PRLV BOUYGUES TELECOM BOUYGUES T;Prelevement;Logement - maison;Internet et telephonie;14.98;
May;12/05/2025;DO DANG PARRAMO;CB DO DANG PARRAMO FACT 090525;Carte bancaire;Sante;Consultation medicale;46.6;
May;12/05/2025;KFC;CB KFC PLAISIR FACT 090525;Carte bancaire;Shopping et services;Restaurant;17.95;
May;12/05/2025;SELARL DOCTEUR TRAICHINE FELPETO;CB SELARL TRAICHIN FACT 090525;Carte bancaire;Sante;Consultation medicale;23;
May;10/05/2025;AUCHAN DAC;CB AUCHAN DAC FACT 080525;Carte bancaire;Transports;Carburant;79.22;
May;10/05/2025;CARREFOUR;CB CARREFOUR FACT 080525;Carte bancaire;Shopping et services;Alimentation;29.27;
May;09/05/2025;SFR;PRLV SFR;Prelevement;Logement - maison;Internet et telephonie;22.99;
May;09/05/2025;aux saveurs;CB aux saveurs FACT 070525;Carte bancaire;Shopping et services;Small Shops;3.9;
May;07/05/2025;EVANCIA;PRLV EVANCIA SAS;Prelevement;Education et famille;Garde d'enfant;246.28;
May;07/05/2025;SYNDICAT DE COPROPRIETE LE VILLAGE CHANTELOUP;PRLV C0371 SDC VILLAGE CHANTELOU;Prelevement;Logement - maison;Frais d'entretien;291.4;
May;06/05/2025;TRUFFAUT;CB TRUFFAUT PLAISI FACT 040525;Carte bancaire;Shopping et services;Shopping et services - autre;23.48;
May;06/05/2025;MARNIERE;CB MARNIERE FACT 030525;Carte bancaire;Shopping et services;Alimentation;11.5;
May;05/05/2025;BPCE ASSURANCES;PRLV BPCE ASSURANCES IARD;Prelevement;Impots & taxes & assurances;Assurance;32.84;
May;05/05/2025;ECHEANCE DE CREDIT;ECH PRET 548183G DU 05/05/25;Pret;Logement - maison;Prˆt;445.06;
May;05/05/2025;RETRAIT D'ESPECES CB GAB PLAISIR;CB GAB PLAISIR;Retrait d'especes;"
Miscellaneous";Retrait d'especes;80;
May;05/05/2025;AUCHAN;CB AUCHAN PLAISIR FACT 020525;Carte bancaire;Shopping et services;Alimentation;113.26;
Apr;30/04/2025;LE SECRET DU PL;CB LE SECRET DU PL FACT 280425;Carte bancaire;Shopping et services;Small Shops;2.3;
Apr;29/04/2025;SFR;PRLV SFR;Prelevement;Logement - maison;Internet et telephonie;7.99;
Apr;29/04/2025;LE SECRET DU PL;CB LE SECRET DU PL FACT 270425;Carte bancaire;Shopping et services;Small Shops;2.5;
Apr;28/04/2025;DO DANG PARRAMO;CB DO DANG PARRAMO FACT 250425;Carte bancaire;Sante;Consultation medicale;45;
Apr;28/04/2025;KFC;CB KFC PLAISIR FACT 250425;Carte bancaire;Shopping et services;Restaurant;11.39;
Apr;25/04/2025;AUCHAN;CB AUCHAN PLAISIR FACT 230425;Carte bancaire;Shopping et services;Alimentation;91.42;
Apr;25/04/2025;CAFE & CIE;CB SES43206HOPFOCH FACT 230425;Carte bancaire;Shopping et services;Restaurant;2;
Apr;24/04/2025;EDF CLT PART RBT SCT;VIR SEPA EDF CLT PART RBT SCT;Virement recu;Rentree d'argent;Aides et allocations;;238.81
Apr;24/04/2025;BOULANGERIE LA;CB BOULANGERIE LA FACT 220425;Carte bancaire;Shopping et services;Small Shops;3.2;
Apr;23/04/2025;RETRAIT D'ESPECES CB GAB PLAISIR;CB GAB PLAISIR;Retrait d'especes;"
Miscellaneous";Retrait d'especes;50;
Apr;22/04/2025;SNCF-VOYAGEURS;CB SNCF-VOYAGEURS FACT 190425;Carte bancaire;Loisirs et vacances;Trains;49;
Apr;22/04/2025;SNCF-VOYAGEURS;CB SNCF-VOYAGEURS FACT 190425;Carte bancaire;Loisirs et vacances;Trains;250;
Apr;22/04/2025;CARREFOUR;CB CARREFOUR FACT 180425;Carte bancaire;Shopping et services;Alimentation;94.53;
Apr;22/04/2025;PERLE D'ASIE;CB SUSHI LIN II FACT 170425;Carte bancaire;Shopping et services;Restaurant;26.46;
Apr;17/04/2025;aux saveurs;CB aux saveurs FACT 150425;Carte bancaire;Shopping et services;Small Shops;1.5;
Apr;17/04/2025;AUCHAN;CB AUCHAN PLAISIR FACT 130425;Carte bancaire;Shopping et services;Alimentation;35.62;
Apr;16/04/2025;COTISATIONS BANCAIRES;COTIS FORMULE CONFORT FAMILLE;Frais bancaires;Impots & taxes & assurances;Frais bancaires;21.25;
Apr;15/04/2025;DGFIP;PRLV DIRECTION GENERALE DES FINA;Prelevement;Impots & taxes & assurances;Impots et taxes - autre;114;
Apr;15/04/2025;RETRAIT D'ESPECES CB GAB PLAISIR;CB GAB PLAISIR;Retrait d'especes;"
Miscellaneous";Retrait d'especes;40;
Apr;14/04/2025;BOUYGUES TELECOM;PRLV BOUYGUES TELECOM BOUYGUES T;Prelevement;Logement - maison;Internet et telephonie;14.98;
Apr;12/04/2025;CARREFOUR;CB CARREFOUR FACT 100425;Carte bancaire;Shopping et services;Alimentation;62.25;
Apr;11/04/2025;TIMBRE FISCAL;CB TIMBRE FISCAL FACT 090425;Carte bancaire;Impots & taxes & assurances;Impots et taxes - autre;17;
Apr;08/04/2025;SFR;PRLV SFR;Prelevement;Logement - maison;Internet et telephonie;22.99;
Apr;07/04/2025;BPCE ASSURANCES;PRLV BPCE ASSURANCES IARD;Prelevement;Impots & taxes & assurances;Assurance;39.34;
Apr;07/04/2025;PHARMACIE CENTRE BRIGITTE;CB PHARMA BRIGITTE FACT 050425;Carte bancaire;Sante;Pharmacie;8.06;
Apr;07/04/2025;SIMPLY MARKET;CB AUCHAN SUPERMAR FACT 050425;Carte bancaire;Shopping et services;Shopping et services - autre;12.84;
Apr;05/04/2025;ECHEANCE DE CREDIT;ECH PRET 548183G DU 05/04/25;Pret;Logement - maison;Prˆt;445.06;
Apr;05/04/2025;MARNIERE;CB MARNIERE FACT 020425;Carte bancaire;Shopping et services;Alimentation;16.75;
Apr;04/04/2025;EVANCIA;PRLV EVANCIA SAS;Prelevement;Education et famille;Garde d'enfant;439.46;
Apr;04/04/2025;DECATHLON;CB DECATHLON 0055 FACT 020425;Carte bancaire;Shopping et services;Sport;10.88;
Apr;04/04/2025;KOMO MARCHE;CB KOMO MARCHE FACT 020425;Carte bancaire;Shopping et services;Alimentation;11.92;
Apr;03/04/2025;SIMPLY MARKET;CB AUCHAN SUPERMAR FACT 010425;Carte bancaire;Shopping et services;Shopping et services - autre;6.43;
Apr;02/04/2025;aux saveurs;CB aux saveurs FACT 310325;Carte bancaire;Shopping et services;Small Shops;3.3;
Apr;02/04/2025;AUCHAN;CB AUCHAN PLAISIR FACT 280325;Carte bancaire;Shopping et services;Alimentation;88.49;
Apr;01/04/2025;SYNDICAT DE COPROPRIETE BRIGITTE HAMEAUX 4 ET 5;PRLV SYNDICAT BRIGITTE HAMEAUX 4;Prelevement;Logement - maison;Frais d'entretien;612.9;
Apr;01/04/2025;EDF;PRLV EDF clients particuliers;Prelevement;Logement - maison;Energie eau;64;
Mar;29/03/2025;B.LOUISE PLAISI;CB B.LOUISE PLAISI FACT 270325;Carte bancaire;Shopping et services;Small Shops;1.1;
Mar;29/03/2025;STAT PBPHONEVAD;CB STAT PBPHONEVAD FACT 270325;Carte bancaire;Transports;Juridique et administratif - autre;0.8;
Mar;29/03/2025;GRAND FRAIS;CB GRAND FRAIS FACT 260325;Carte bancaire;Shopping et services;Alimentation;10.55;
Mar;28/03/2025;SFR;PRLV SFR;Prelevement;Logement - maison;Internet et telephonie;7.99;
Mar;27/03/2025;aux saveurs;CB aux saveurs FACT 250325;Carte bancaire;Shopping et services;Small Shops;1.3;
Mar;26/03/2025;PHARMACIE CENTRE BRIGITTE;CB PHARMA BRIGITTE FACT 240325;Carte bancaire;Sante;Pharmacie;15.5;
Mar;26/03/2025;STAT PBPHONEVAD;CB STAT PBPHONEVAD FACT 240325;Carte bancaire;Transports;Juridique et administratif - autre;3.2;
Mar;26/03/2025;STAT PBPHONEVAD;CB STAT PBPHONEVAD FACT 240325;Carte bancaire;Transports;Juridique et administratif - autre;1.6;
Mar;26/03/2025;STAT PBPHONEVAD;CB STAT PBPHONEVAD FACT 240325;Carte bancaire;Transports;Juridique et administratif - autre;4.8;
Mar;25/03/2025;aux saveurs;CB aux saveurs FACT 230325;Carte bancaire;Shopping et services;Small Shops;5.2;
Mar;25/03/2025;CHESNAY KITCHEN;CB CHESNAY KITCHEN FACT 230325;Carte bancaire;Shopping et services;Restaurant;14.5;
Mar;25/03/2025;INDIGO;CB INDIGO 782001 FACT 230325;Carte bancaire;Transports;Peage et Stationnement;13;
Mar;25/03/2025;ANDROMEDE;CB ANDROMEDE FACT 230325;Carte bancaire;Shopping et services;Restaurant;7;
Mar;24/03/2025;RELAIS H MARRON;CB RELAIS H MARRON FACT 220325;Carte bancaire;Shopping et services;Livres ;7.75;
Mar;24/03/2025;BIG FERNAND;CB BIG FERNAND FACT 210325;Carte bancaire;Shopping et services;Restaurant;30.5;
Mar;24/03/2025;CARREFOUR;CB CARREFOUR FACT 210325;Carte bancaire;Shopping et services;Alimentation;96.59;
Mar;22/03/2025;AUCHAN;CB AUCHAN PLAISIR FACT 140325;Carte bancaire;Shopping et services;Alimentation;64.81;
Mar;21/03/2025;MARNIERE;CB MARNIERE FACT 180325;Carte bancaire;Shopping et services;Alimentation;22.66;
Mar;20/03/2025;aux saveurs;CB aux saveurs FACT 180325;Carte bancaire;Shopping et services;Small Shops;3.3;
Mar;20/03/2025;MARNIERE;CB MARNIERE FACT 170325;Carte bancaire;Shopping et services;Alimentation;14.5;
Mar;18/03/2025;CB LMFR BOIS D ARC;CB LMFR BOIS D ARC;Carte bancaire;Logement - maison;Remboursement;;16.89
Mar;18/03/2025;L ATELIER DU PA;CB L ATELIER DU PA FACT 160325;Carte bancaire;Shopping et services;Shopping et services - autre;4.5;
Mar;18/03/2025;LEROY MERLIN;CB LMFR BOIS D ARC FACT 150325;Carte bancaire;Logement - maison;Ameublement et travaux;31.36;
Mar;17/03/2025;DGFIP;PRLV DIRECTION GENERALE DES FINA;Prelevement;Impots & taxes & assurances;Impots et taxes - autre;114;
Mar;17/03/2025;ROYAL MARKET;CB ROYAL MARKET FACT 140325;Carte bancaire;Shopping et services;Shopping et services - autre;48.71;
Mar;14/03/2025;COTISATIONS BANCAIRES;COTIS FORMULE CONFORT FAMILLE;Frais bancaires;Impots & taxes & assurances;Frais bancaires;21.25;
Mar;14/03/2025;BOUYGUES TELECOM;PRLV BOUYGUES TELECOM BOUYGUES T;Prelevement;Logement - maison;Internet et telephonie;17.97;
Mar;11/03/2025;DECATHLON;CB DECATHLON 0055 FACT 090325;Carte bancaire;Shopping et services;Sport;19.99;
Mar;11/03/2025;STOKOMANI;CB STOKOMANI FACT 090325;Carte bancaire;Shopping et services;Vetements & chaussures et maison ;10.97;
Mar;11/03/2025;LE SECRET DU PL;CB LE SECRET DU PL FACT 090325;Carte bancaire;Shopping et services;Small Shops;2.7;
Mar;10/03/2025;SFR;PRLV SFR;Prelevement;Logement - maison;Internet et telephonie;22.99;
Mar;10/03/2025;AUCHAN PLAISIR;CB AUCHAN PLAISIR FACT 070325;Carte bancaire;Shopping et services;Alimentation;50.66;
Mar;07/03/2025;aux saveurs;CB aux saveurs FACT 050325;Carte bancaire;Shopping et services;Small Shops;3.8;
Mar;07/03/2025;MARNIERE;CB MARNIERE FACT 040325;Carte bancaire;Shopping et services;Alimentation;10;
Mar;06/03/2025;EVANCIA;PRLV EVANCIA SAS;Prelevement;Education et famille;Garde d'enfant;429.66;
Mar;05/03/2025;BPCE ASSURANCES;PRLV BPCE ASSURANCES IARD;Prelevement;Impots & taxes & assurances;Assurance;27.2;
Mar;05/03/2025;ECHEANCE DE CREDIT;ECH PRET 548183G DU 05/03/25;Pret;Logement - maison;Prˆt;445.06;
Mar;05/03/2025;aux saveurs;CB aux saveurs FACT 030325;Carte bancaire;Shopping et services;Small Shops;3.2;
Mar;04/03/2025;EDF;PRLV EDF clients particuliers;Prelevement;Logement - maison;Energie eau;64;
Mar;04/03/2025;AUCHAN PLAISIR;CB AUCHAN PLAISIR FACT 020325;Carte bancaire;Shopping et services;Alimentation;18.3;
Mar;03/03/2025;CB LMFR BOIS D ARC;CB LMFR BOIS D ARC;Carte bancaire;Shopping et services;Remboursement;;21.97
Mar;03/03/2025;AMDC;CB AMDC FACT 010325;Carte bancaire;Shopping et services;Shopping et services - autre;2.7;
Mar;03/03/2025;LMFR BOIS D ARC;CB LMFR BOIS D ARC FACT 010325;Carte bancaire;Logement - maison;Ameublement et travaux;40.65;
Mar;03/03/2025;PHAR GRD PLAISI;CB PHAR GRD PLAISI FACT 010325;Carte bancaire;Sante;Pharmacie;16.2;
Mar;03/03/2025;CARREFOUR;CB CARREFOUR FACT 280225;Carte bancaire;Shopping et services;Alimentation;36.15;
Feb;28/02/2025;SFR;PRLV SFR;Prelevement;Logement - maison;Internet et telephonie;7.99;
Feb;27/02/2025;MARNIERE;CB MARNIERE FACT 240225;Carte bancaire;Shopping et services;Alimentation;6.89;
Feb;26/02/2025;B.LOUISE PLAISI;CB B.LOUISE PLAISI FACT 240225;Carte bancaire;Shopping et services;Small Shops;1.5;
Feb;26/02/2025;CARREFOUR;CB CARREFOUR FACT 230225;Carte bancaire;Shopping et services;Alimentation;75.4;
Feb;25/02/2025;MARNIERE;CB MARNIERE FACT 220225;Carte bancaire;Shopping et services;Alimentation;9.78;
Feb;25/02/2025;LMFR BOIS D ARC;CB LMFR BOIS D ARC FACT 220225;Carte bancaire;Logement - maison;Ameublement et travaux;98.93;
Feb;25/02/2025;LE SECRET DU PL;CB LE SECRET DU PL FACT 220225;Carte bancaire;Shopping et services;Small Shops;3.9;
Feb;25/02/2025;FDJ;CB FDJ FACT 220225;Carte bancaire;Shopping et services;Shopping et services - autre;10;
Feb;25/02/2025;GRAND FRAIS;CB GRAND FRAIS FACT 210225;Carte bancaire;Shopping et services;Alimentation;28.36;
Feb;24/02/2025;TOTALENERGIES ELECTRIC;VIR SEPA TOTALENERGIES ELECTRIC;Virement recu;Rentree d'argent;Aides et allocations;;628.03
Feb;21/02/2025;DEPOT DE 2 CHEQUE S;REMISE CHEQUES Nø 0021291;Depot de cheque;Rentree d'argent;Aides et allocations;;1226.18
Feb;21/02/2025;LEO&GO LYON;CB LEO&GO LYON FACT 190225;Carte bancaire;Loisirs et vacances;Trains;50;
Feb;21/02/2025;LEO&GO LYON;CB LEO&GO LYON FACT 190225;Carte bancaire;Loisirs et vacances;Trains;60;
Feb;17/02/2025;DGFIP;PRLV DIRECTION GENERALE DES FINA;Prelevement;Impots & taxes & assurances;Impots et taxes - autre;114;
Feb;17/02/2025;LIGHTEA FRANCE;CB LIGHTEA FRANCE FACT 150225;Carte bancaire;Shopping et services;Restaurant;5.99;
Feb;17/02/2025;STATTELPAYBYPHO;CB STATTELPAYBYPHO FACT 150225;Carte bancaire;Transports;Juridique et administratif - autre;8;
Feb;17/02/2025;VERTBAUDET;CB VERTBAUDET FACT 150225;Carte bancaire;Shopping et services;Vetements & chaussures et maison ;13.99;
Feb;17/02/2025;CARREFOUR;CB CARREFOUR FACT 140225;Carte bancaire;Shopping et services;Alimentation;65.59;
Feb;14/02/2025;COTISATIONS BANCAIRES;COTIS FORMULE CONFORT FAMILLE;Frais bancaires;Impots & taxes & assurances;Frais bancaires;21.25;
Feb;14/02/2025;BOUYGUES TELECOM;PRLV BOUYGUES TELECOM BOUYGUES T;Prelevement;Logement - maison;Internet et telephonie;17.97;
Feb;13/02/2025;MME SOUKAINA AIT EL HAJ;MME SOUKAINA AIT EL HAJ;Virement;Education et famille;Garde d'enfant;352;
Feb;11/02/2025;CARREFOUR;CB CARREFOUR FACT 090225;Carte bancaire;Shopping et services;Alimentation;55.84;
Feb;10/02/2025;SFR;PRLV SFR;Prelevement;Logement - maison;Internet et telephonie;22.99;
Feb;10/02/2025;ELECLERC;CB LECLERC FACT 070225;Carte bancaire;Shopping et services;Alimentation;4.53;
Feb;06/02/2025;EVANCIA;PRLV EVANCIA SAS;Prelevement;Education et famille;Garde d'enfant;512.11;
Feb;06/02/2025;RETRAIT D'ESPECES CB LCL LE CREDIT L;CB LCL LE CREDIT L;Retrait d'especes;"
Miscellaneous";Retrait d'especes;30;
Feb;05/02/2025;TOTALENERGIES ELECTRICITE ET GAZ FRANCE;PRLV TOTALENERGIES ELECTRICITE E;Prelevement;Logement - maison;Energie eau;90;
Feb;05/02/2025;BPCE ASSURANCES;PRLV BPCE ASSURANCES IARD;Prelevement;Impots & taxes & assurances;Assurance;27.2;
Feb;05/02/2025;ECHEANCE DE CREDIT;ECH PRET 548183G DU 05/02/25;Pret;Logement - maison;Prˆt;445.06;
Feb;04/02/2025;FRANCE LAVAGE;CB FRANCE LAVAGE FACT 020225;Carte bancaire;Transports;Entretien de vehicule;12;
Feb;03/02/2025;EDF;PRLV EDF clients particuliers;Prelevement;Logement - maison;Energie eau;64;
Feb;03/02/2025;CARREFOUR;CB CARREFOUR FACT 310125;Carte bancaire;Shopping et services;Alimentation;119.33;
Jan;31/01/2025;aux saveurs;CB aux saveurs FACT 290125;Carte bancaire;Shopping et services;Small Shops;2.8;
Jan;29/01/2025;aux saveurs;CB aux saveurs FACT 270125;Carte bancaire;Shopping et services;Small Shops;3;
Jan;28/01/2025;LMFR BOIS D ARC;CB LMFR BOIS D ARC FACT 260125;Carte bancaire;Logement - maison;Ameublement et travaux;19.58;
Jan;27/01/2025;SFR;PRLV SFR;Prelevement;Logement - maison;Internet et telephonie;7.99;
Jan;27/01/2025;LMFR BOIS D ARC;CB LMFR BOIS D ARC FACT 250125;Carte bancaire;Logement - maison;Ameublement et travaux;16.4;
Jan;27/01/2025;CARREFOUR;CB CARREFOUR FACT 240125;Carte bancaire;Shopping et services;Alimentation;78.15;
Jan;27/01/2025;INDIGO 921008;CB INDIGO 921008 FACT 230125;Carte bancaire;Transports;Peage et Stationnement;11.5;
Jan;25/01/2025;LEROY MERLIN FR;CB LEROY MERLIN FR FACT 220125;Carte bancaire;Logement - maison;Ameublement et travaux;149;
Jan;24/01/2025;aux saveurs;CB aux saveurs FACT 220125;Carte bancaire;Shopping et services;Small Shops;2.7;
Jan;23/01/2025;CB IKEA PLAISIR;CB IKEA PLAISIR;Carte bancaire;Shopping et services;Remboursement;;83
Jan;23/01/2025;IKEA PLAISIR;CB IKEA PLAISIR FACT 210125;Carte bancaire;Logement - maison;Ameublement et travaux;126.9;
Jan;23/01/2025;AUCHAN SUPERMAR;CB AUCHAN SUPERMAR FACT 210125;Carte bancaire;Shopping et services;Shopping et services - autre;5.02;
Jan;21/01/2025;CASTORAMA;CB CASTORAMA FACT 190125;Carte bancaire;Logement - maison;Ameublement et travaux;5.99;
Jan;21/01/2025;CARREFOUR;CB CARREFOUR FACT 190125;Carte bancaire;Shopping et services;Alimentation;56.93;
Jan;21/01/2025;MARNIERE;CB MARNIERE FACT 180125;Carte bancaire;Shopping et services;Alimentation;16.63;
Jan;20/01/2025;aux saveurs;CB aux saveurs FACT 170125;Carte bancaire;Shopping et services;Small Shops;3.8;
Jan;20/01/2025;ATELIER DE SABRINA;CB ATELIER DE SABR FACT 170125;Carte bancaire;Shopping et services;Coiffeurs et soins du corps;24;
Jan;17/01/2025;SYNDICAT DE COPROPRIETE BRIGITTE HAMEAUX 4 ET 5;PRLV SYNDICAT BRIGITTE HAMEAUX 4;Prelevement;Logement - maison;Frais d'entretien;875.98;
Jan;17/01/2025;BISTRO DU FAUBO;CB BISTRO DU FAUBO FACT 150125;Carte bancaire;Shopping et services;Restaurant;27;
Jan;17/01/2025;aux saveurs;CB aux saveurs FACT 150125;Carte bancaire;Shopping et services;Small Shops;2.8;
Jan;16/01/2025;COTISATIONS BANCAIRES;COTIS FORMULE CONFORT FAMILLE;Frais bancaires;Impots & taxes & assurances;Frais bancaires;21.25;
Jan;15/01/2025;DGFIP;PRLV DIRECTION GENERALE DES FINA;Prelevement;Impots & taxes & assurances;Impots et taxes - autre;114;
Jan;15/01/2025;DGFIP FINANCES PUBLIQU;VIR SEPA DGFIP FINANCES PUBLIQU;Virement recu;Rentree d'argent;Aides et allocations;;754
Jan;14/01/2025;CB LMFR BOIS D ARC;CB LMFR BOIS D ARC;Carte bancaire;Logement - maison;Remboursement;;12.9
Jan;14/01/2025;BOUYGUES TELECOM;PRLV BOUYGUES TELECOM BOUYGUES T;Prelevement;Logement - maison;Internet et telephonie;14.98;
Jan;14/01/2025;LMFR BOIS D ARC;CB LMFR BOIS D ARC FACT 120125;Carte bancaire;Logement - maison;Ameublement et travaux;30.8;
Jan;13/01/2025;PIZZA DUO;CB PIZZA DUO FACT 110125;Carte bancaire;Shopping et services;Restaurant;27.5;
Jan;13/01/2025;AUCHAN PLAISIR;CB AUCHAN PLAISIR FACT 100125;Carte bancaire;Shopping et services;Alimentation;39.6;
Jan;11/01/2025;Europcar;CB Europcar FACT 080125;Carte bancaire;Loisirs et vacances;Location ;5.4;
Jan;10/01/2025;aux saveurs;CB aux saveurs FACT 070125;Carte bancaire;Shopping et services;Small Shops;4.2;
Jan;08/01/2025;SFR;PRLV SFR;Prelevement;Logement - maison;Internet et telephonie;22.99;
Jan;07/01/2025;AUCHAN PLAISIR;CB AUCHAN PLAISIR FACT 050125;Carte bancaire;Shopping et services;Alimentation;23.55;
Jan;07/01/2025;DECATHLON;CB DECATHLON 0055 FACT 050125;Carte bancaire;Shopping et services;Sport;8;
Jan;07/01/2025;CASTORAMA;CB CASTORAMA FACT 050125;Carte bancaire;Logement - maison;Ameublement et travaux;17.78;
Jan;06/01/2025;TOTALENERGIES ELECTRICITE ET GAZ FRANCE;PRLV TOTALENERGIES ELECTRICITE E;Prelevement;Logement - maison;Energie eau;90;
Jan;06/01/2025;BPCE ASSURANCES;PRLV BPCE ASSURANCES IARD;Prelevement;Impots & taxes & assurances;Assurance;27.2;
Jan;06/01/2025;ECHEANCE DE CREDIT;ECH PRET 548183G DU 05/01/25;Pret;Logement - maison;Prˆt;445.06;
Jan;06/01/2025;CASTORAMA;CB CASTORAMA FACT 040125;Carte bancaire;Logement - maison;Ameublement et travaux;5;
Jan;06/01/2025;LMFR BOIS D ARC;CB LMFR BOIS D ARC FACT 030125;Carte bancaire;Logement - maison;Ameublement et travaux;244.79;
Jan;03/01/2025;SYNDICAT DE COPROPRIETE LE VILLAGE CHANTELOUP;PRLV C0371 SDC VILLAGE CHANTELOU;Prelevement;Logement - maison;Frais d'entretien;291.4;
Jan;03/01/2025;MARNIERE;CB MARNIERE FACT 311224;Carte bancaire;Shopping et services;Alimentation;11.31;
Jan;02/01/2025;EDF;PRLV EDF clients particuliers;Prelevement;Logement - maison;Energie eau;64;
Jan;02/01/2025;IKEA PLAISIR;CB IKEA PLAISIR FACT 311224;Carte bancaire;Logement - maison;Ameublement et travaux;1010.99;
Jan;02/01/2025;AUCHAN PLAISIR;CB AUCHAN PLAISIR FACT 311224;Carte bancaire;Shopping et services;Alimentation;57.22;
Jan;02/01/2025;LMFR BOIS D ARC;CB LMFR BOIS D ARC FACT 311224;Carte bancaire;Logement - maison;Ameublement et travaux;145;
Jan;02/01/2025;B.LOUISE PLAISI;CB B.LOUISE PLAISI FACT 311224;Carte bancaire;Shopping et services;Small Shops;8.15;
Jan;02/01/2025;LMFR BOIS D ARC;CB LMFR BOIS D ARC FACT 301224;Carte bancaire;Logement - maison;Ameublement et travaux;473.86;
Jan;02/01/2025;CULTURA SC;CB CULTURA SC FACT 281224;Carte bancaire;Shopping et services;Livres;2.59;
Jan;02/01/2025;aux saveurs;CB aux saveurs FACT 271224;Carte bancaire;Shopping et services;Small Shops;4.15;
Oct;31/10/2025;MONOP MARK SPEN;CB MONOP MARK SPEN FACT 291025;Carte bancaire;Shopping et services;Alimentation;3;
Oct;31/10/2025;SERVICE NAVIGO;CB SERVICE NAVIGO FACT 291025;Carte bancaire;Transports;Transports en commun;7.5;
Oct;29/10/2025;SERVICE NAVIGO;CB SERVICE NAVIGO FACT 271025;Carte bancaire;Transports;Transports en commun;7.5;
Oct;28/10/2025;SIMPLY MARKET;CB AUCHAN SUPERMAR FACT 261025;Carte bancaire;Shopping et services;Shopping et services - autre;1;
Oct;27/10/2025;MGP Vinted;CB MGP Vinted FACT 251025;Carte bancaire;Shopping et services;Vetements & chaussures et maison ;6.12;
Oct;23/10/2025;aux saveurs;CB aux saveurs FACT 211025;Carte bancaire;Shopping et services;Small Shops;3.8;
Oct;23/10/2025;AUCHAN;CB AUCHAN PLAISIR FACT 211025;Carte bancaire;Shopping et services;Alimentation;11;
Oct;22/10/2025;SERVICE NAVIGO;CB SERVICE NAVIGO FACT 201025;Carte bancaire;Transports;Transports en commun;12;
Oct;20/10/2025;CB APPLE.COM/BILL;CB APPLE.COM/BILL;Carte bancaire;Shopping et services;Remboursement;;10.99
Oct;20/10/2025;PICARD;CB PICARD SA 151 FACT 181025;Carte bancaire;Shopping et services;Alimentation;5.98;
Oct;18/10/2025;SIMPLY MARKET;CB AUCHAN SUPERMAR FACT 161025;Carte bancaire;Shopping et services;Shopping et services - autre;3;
Oct;18/10/2025;APPLE.COM/BILL;CB APPLE.COM/BILL FACT 161025;Carte bancaire;Shopping et services;Shopping et services - autre;10.99;
Oct;16/10/2025;SIMPLY MARKET;CB AUCHAN SUPERMAR FACT 141025;Carte bancaire;Shopping et services;Shopping et services - autre;6;
Oct;15/10/2025;EXPERTISE LANGUES FORMATION;CB SNC EL FORMATIO FACT 131025;Carte bancaire;Education et famille;Soutien scolaire;160;
Oct;14/10/2025;SAS AUX SAVEU;CB SAS AUX SAVEU FACT 121025;Carte bancaire;Shopping et services;Small Shops;2.7;
Oct;13/10/2025;FRAIS BANCAIRES;COM CB INT Aust Federal Po;Frais bancaires;Loisirs et vacances;Hotel;1.89;
Oct;10/10/2025;AUCHAN;CB AUCHAN PLAISIR FACT 081025;Carte bancaire;Shopping et services;Alimentation;20;
Oct;09/10/2025;LE SECRET DU PL;CB LE SECRET DU PL FACT 071025;Carte bancaire;Shopping et services;Small Shops;2.5;
Oct;08/10/2025;SIMPLY MARKET;CB AUCHAN SUPERMAR FACT 061025;Carte bancaire;Shopping et services;Shopping et services - autre;3.12;
Oct;07/10/2025;APPLE.COM/BILL;CB APPLE.COM/BILL FACT 051025;Carte bancaire;Shopping et services;Shopping et services - autre;0.99;
Oct;06/10/2025;FRAIS BANCAIRES;COM CB INT AGODA.COM SABAY;Frais bancaires;Loisirs et vacances;Hotel;2.2;
Oct;04/10/2025;AGODA.COM SABAY;CB AGODA.COM SABAY FACT 290925;Carte bancaire;Loisirs et vacances;Hotel;43.09;
Sep;18/09/2025;FRAIS BANCAIRES;COM CB INT QATAR AIR 000;Frais bancaires;Loisirs et vacances;Hotel;14.09;
Sep;17/09/2025;QATAR AIR 000;CB QATAR AIR 000 FACT 150925;Carte bancaire;Loisirs et vacances;Trains;467.69;
Sep;09/09/2025;AGODA.COM SABAY;CB AGODA.COM SABAY FACT 050925;Carte bancaire;Loisirs et vacances;Hotel;13.7;
Sep;09/09/2025;AGODA.COM SABAY;CB AGODA.COM SABAY FACT 050925;Carte bancaire;Loisirs et vacances;Hotel;11.66;
Sep;08/09/2025;APPLE.COM/BILL;CB APPLE.COM/BILL FACT 050925;Carte bancaire;Shopping et services;Shopping et services - autre;0.99;
Sep;02/09/2025;FRAIS BANCAIRES;COM CB INT AIRBNB HMPTC2;Frais bancaires;Loisirs et vacances;Hotel;4.33;
Sep;01/09/2025;AIRBNB HMPTC2;CB AIRBNB HMPTC2 FACT 300825;Carte bancaire;Loisirs et vacances;Hotel;118.97;
Aug;23/08/2025;CB OMIO;CB OMIO;Carte bancaire;Shopping et services;Remboursement;;37.29
Aug;22/08/2025;FRAIS BANCAIRES;COM CB INT AGODA.COM;Frais bancaires;Loisirs et vacances;Hotel;1.83;
Aug;22/08/2025;FRAIS BANCAIRES;COM CB INT AGODA.COM;Frais bancaires;Loisirs et vacances;Hotel;1.69;
Aug;21/08/2025;AGODA.COM;CB AGODA.COM FACT 160825;Carte bancaire;Loisirs et vacances;Hotel;29.65;
Aug;21/08/2025;AGODA.COM;CB AGODA.COM FACT 160825;Carte bancaire;Loisirs et vacances;Hotel;24.89;
Aug;20/08/2025;OMIO;CB OMIO FACT 180825;Carte bancaire;Loisirs et vacances;Trains;63.23;
Aug;19/08/2025;AUCHAN;CB AUCHAN PLAISIR FACT 170825;Carte bancaire;Shopping et services;Alimentation;50.2;
Aug;18/08/2025;LE PETIT CASINO;CB LE PETIT CASINO FACT 160825;Carte bancaire;Shopping et services;Alimentation;5.2;
Aug;18/08/2025;SIMPLY MARKET;CB AUCHAN SUPERMAR FACT 160825;Carte bancaire;Shopping et services;Shopping et services - autre;18.23;
Aug;18/08/2025;SAS AUX SAVEU;CB SAS AUX SAVEU FACT 150825;Carte bancaire;Shopping et services;Small Shops;2.6;
Aug;18/08/2025;BURGER KING;CB BURGER KING FACT 140825;Carte bancaire;Shopping et services;Restaurant;4;
Aug;16/08/2025;MARNIERE;CB MARNIERE FACT 130825;Carte bancaire;Shopping et services;Alimentation;25.97;
Aug;15/08/2025;AUCHAN;CB AUCHAN PLAISIR FACT 130825;Carte bancaire;Shopping et services;Alimentation;3;
Aug;14/08/2025;PICARD;CB PICARD SA 151 FACT 120825;Carte bancaire;Shopping et services;Alimentation;2.99;
Aug;14/08/2025;GIFI;CB GIFI PLAISIR FACT 120825;Carte bancaire;Logement - maison;Ameublement et travaux;3.48;
Aug;13/08/2025;CB Celio;CB Celio;Carte bancaire;Shopping et services;Remboursement;;5
Aug;13/08/2025;AUCHAN;CB AUCHAN PLAISIR FACT 110825;Carte bancaire;Shopping et services;Alimentation;31.3;
Aug;13/08/2025;Action;CB Action 4508 FACT 110825;Carte bancaire;Shopping et services;Shopping et services - autre;6.49;
Aug;11/08/2025;aux saveurs;CB aux saveurs FACT 080825;Carte bancaire;Shopping et services;Small Shops;3.6;
Aug;08/08/2025;LE SECRET DU PL;CB LE SECRET DU PL FACT 060825;Carte bancaire;Shopping et services;Small Shops;3.8;
Aug;07/08/2025;MICOLET;CB MICOLET FACT 050825;Carte bancaire;Shopping et services;Vetements & chaussures et maison ;1.1;
Aug;07/08/2025;AUCHAN;CB AUCHAN PLAISIR FACT 050825;Carte bancaire;Shopping et services;Alimentation;15.9;
Aug;07/08/2025;APPLE.COM/BILL;CB APPLE.COM/BILL FACT 050825;Carte bancaire;Shopping et services;Shopping et services - autre;0.99;
Aug;06/08/2025;SIMPLY MARKET;CB AUCHAN SUPERMAR FACT 040825;Carte bancaire;Shopping et services;Shopping et services - autre;4.27;
Aug;05/08/2025;notino.fr;CB notino.fr FACT 030825;Carte bancaire;Shopping et services;Coiffeurs et soins du corps;78.69;
Aug;04/08/2025;MICOLET;CB MICOLET FACT 010825;Carte bancaire;Shopping et services;Vetements & chaussures et maison ;28.49;
Jul;31/07/2025;LE PETIT CASINO;CB LE PETIT CASINO FACT 290725;Carte bancaire;Shopping et services;Alimentation;1.36;
Jul;31/07/2025;KOMO MARCHE;CB KOMO MARCHE FACT 290725;Carte bancaire;Shopping et services;Alimentation;21.09;
Jul;31/07/2025;PHARMACIE CENTRE BRIGITTE;CB PHARMA BRIGITTE FACT 290725;Carte bancaire;Sante;Pharmacie;17.2;
Jul;31/07/2025;SERVICE NAVIGO;CB SERVICE NAVIGO FACT 290725;Carte bancaire;Transports;Transports en commun;5;
Jul;31/07/2025;2THELOO GARE MO;CB 2THELOO GARE MO FACT 290725;Carte bancaire;Loisirs et vacances;Trains;1;
Jul;30/07/2025;AUCHAN;CB AUCHAN PLAISIR FACT 280725;Carte bancaire;Shopping et services;Alimentation;8.47;
Jul;30/07/2025;LE FURET DU NOR;CB LE FURET DU NOR FACT 280725;Carte bancaire;Shopping et services;Livres;9.9;
Jul;30/07/2025;Action;CB Action 4508 FACT 280725;Carte bancaire;Shopping et services;Shopping et services - autre;6.01;
Jul;28/07/2025;SERVICE NAVIGO;CB SERVICE NAVIGO FACT 260725;Carte bancaire;Transports;Transports en commun;5;
Jul;26/07/2025;CARREFOUR CITY;CB CARREFOUR CITY FACT 240725;Carte bancaire;Shopping et services;Alimentation;0.9;
Jul;26/07/2025;SERVICE NAVIGO;CB SERVICE NAVIGO FACT 240725;Carte bancaire;Transports;Transports en commun;5;
Jul;25/07/2025;CENTRE DE SANTE;CB CENTRE DE SANTE FACT 230725;Carte bancaire;Sante;Consultation medicale;9;
Jul;24/07/2025;KOMO MARCHE;CB KOMO MARCHE FACT 220725;Carte bancaire;Shopping et services;Alimentation;11.52;
Jul;24/07/2025;PHARMACIE MOUSSUS;CB PHAR GRD PLAISI FACT 220725;Carte bancaire;Sante;Pharmacie;59.14;
Jul;24/07/2025;AUCHAN;CB AUCHAN PLAISIR FACT 220725;Carte bancaire;Shopping et services;Alimentation;19.52;
Jul;24/07/2025;MARNIERE;CB MARNIERE FACT 210725;Carte bancaire;Shopping et services;Alimentation;25.14;
Jul;22/07/2025;aux saveurs;CB aux saveurs FACT 200725;Carte bancaire;Shopping et services;Small Shops;2.35;
Jul;21/07/2025;MGP Vinted;CB MGP Vinted FACT 190725;Carte bancaire;Shopping et services;Vetements & chaussures et maison ;12.1;
Jul;18/07/2025;Action;CB Action 4508 FACT 160725;Carte bancaire;Shopping et services;Shopping et services - autre;7.74;
Jul;15/07/2025;SERVICE NAVIGO;CB SERVICE NAVIGO FACT 120725;Carte bancaire;Transports;Transports en commun;5;
Jul;15/07/2025;SIMPLY MARKET;CB AUCHAN SUPERMAR FACT 120725;Carte bancaire;Shopping et services;Shopping et services - autre;7.78;
Jul;14/07/2025;BOULANGERIE LA;CB BOULANGERIE LA FACT 110725;Carte bancaire;Shopping et services;Small Shops;2.8;
Jul;14/07/2025;LE PETIT CASINO;CB LE PETIT CASINO FACT 110725;Carte bancaire;Shopping et services;Alimentation;4.4;
Jul;14/07/2025;SERVICE NAVIGO;CB SERVICE NAVIGO FACT 110725;Carte bancaire;Transports;Transports en commun;4;
Jul;12/07/2025;PARA ONE;CB PARA ONE FACT 090725;Carte bancaire;Shopping et services;Coiffeurs et soins du corps;119.58;
Jul;11/07/2025;AUCHAN;CB AUCHAN PLAISIR FACT 080725;Carte bancaire;Shopping et services;Alimentation;27.36;
Jul;10/07/2025;BULK FACTORY;CB BULK FACTORY FACT 080725;Carte bancaire;Logement - maison;Ameublement et travaux;1;
Jul;09/07/2025;MANEGE PLAISIR;CB MANEGE PLAISIR FACT 070725;Carte bancaire;Logement - maison;Ameublement et travaux;2.5;
Jul;09/07/2025;AUCHAN;CB AUCHAN PLAISIR FACT 070725;Carte bancaire;Shopping et services;Alimentation;2.9;
Jul;09/07/2025;Action;CB Action 4508 FACT 070725;Carte bancaire;Shopping et services;Shopping et services - autre;3.83;
Jul;08/07/2025;SIMPLY MARKET;CB AUCHAN SUPERMAR FACT 060725;Carte bancaire;Shopping et services;Shopping et services - autre;8.52;
Jul;08/07/2025;LE SECRET DU PL;CB LE SECRET DU PL FACT 060725;Carte bancaire;Shopping et services;Small Shops;2.35;
Jul;07/07/2025;FRANPRIX;CB FRANPRIX 8307 FACT 040725;Carte bancaire;Shopping et services;Alimentation;5.9;
Jul;07/07/2025;L ATELIER DU PA;CB L ATELIER DU PA FACT 040725;Carte bancaire;Shopping et services;Shopping et services - autre;1.3;
Jul;05/07/2025;SSP;CB FRANPRIX FACT 030725;Carte bancaire;Shopping et services;Restaurant;2.4;
Jul;05/07/2025;CHINE STORE;CB CHINE STORE FACT 030725;Carte bancaire;Shopping et services;Alimentation;16.1;
Jul;05/07/2025;SERVICE NAVIGO;CB SERVICE NAVIGO FACT 030725;Carte bancaire;Transports;Transports en commun;5;
Jul;05/07/2025;HITE;CB HITE FACT 030725;Carte bancaire;Shopping et services;Restaurant;12;
Jul;04/07/2025;SERVICE NAVIGO;CB SERVICE NAVIGO FACT 020725;Carte bancaire;Transports;Transports en commun;2;
Jul;04/07/2025;LAURENCE VAYER;CB LAURENCE VAYER FACT 020725;Carte bancaire;Sante;Consultation medicale;78;
Jul;04/07/2025;MGP Vinted;CB MGP Vinted FACT 020725;Carte bancaire;Shopping et services;Vetements & chaussures et maison ;2.41;
Jul;03/07/2025;PRIMARK PLAISIR;CB PRIMARK PLAISIR FACT 010725;Carte bancaire;Shopping et services;Vetements & chaussures et maison ;8;
Jul;03/07/2025;WAYSIA;CB WAYSIA FACT 010725;Carte bancaire;Shopping et services;Alimentation;101.19;
Jul;03/07/2025;Celio;CB Celio FACT 010725;Carte bancaire;Shopping et services;Vetements & chaussures et maison ;10.59;
Jul;02/07/2025;AUCHAN;CB AUCHAN PLAISIR FACT 300625;Carte bancaire;Shopping et services;Alimentation;6;
Jul;01/07/2025;Haribo Ricqles;CB Haribo Ricqles FACT 290625;Carte bancaire;Shopping et services;Small Shops;2;
Jul;01/07/2025;Lindt Spruengl;CB Lindt Spruengl FACT 290625;Carte bancaire;Shopping et services;Shopping et services - autre;6.5;
Jun;28/06/2025;SERVICE NAVIGO;CB SERVICE NAVIGO FACT 260625;Carte bancaire;Transports;Transports en commun;4;
Jun;28/06/2025;SERVICE NAVIGO;CB SERVICE NAVIGO FACT 260625;Carte bancaire;Transports;Transports en commun;2;
Jun;28/06/2025;AUCHAN;CB AUCHAN PLAISIR FACT 260625;Carte bancaire;Shopping et services;Alimentation;21;
Jun;28/06/2025;LIDL;CB LIDL FACT 250625;Carte bancaire;Shopping et services;Shopping et services - autre;2.27;
Jun;27/06/2025;MAISON HERVET;CB MAISON HERVET FACT 250625;Carte bancaire;Shopping et services;Small Shops;11;
Jun;27/06/2025;SERVICE NAVIGO;CB SERVICE NAVIGO FACT 250625;Carte bancaire;Transports;Transports en commun;5;
Jun;27/06/2025;MARNIERE;CB MARNIERE FACT 240625;Carte bancaire;Shopping et services;Alimentation;20.26;
Jun;26/06/2025;B.LOUISE PLAISI;CB B.LOUISE PLAISI FACT 240625;Carte bancaire;Shopping et services;Small Shops;1.1;
Jun;26/06/2025;SERVICE NAVIGO;CB SERVICE NAVIGO FACT 240625;Carte bancaire;Transports;Transports en commun;2;
Jun;25/06/2025;TIMBRE FISCAL;CB TIMBRE FISCAL FACT 230625;Carte bancaire;Impots & taxes & assurances;Impots et taxes - autre;55;
Jun;25/06/2025;TIMBRE FISCAL;CB TIMBRE FISCAL FACT 230625;Carte bancaire;Impots & taxes & assurances;Impots et taxes - autre;225;
Jun;24/06/2025;PHOTOMATON;CB PHOTOMATON FACT 210625;Carte bancaire;Shopping et services;Shopping et services - autre;9;
Jun;23/06/2025;LAURENCE VAYER;CB LAURENCE VAYER FACT 200625;Carte bancaire;Sante;Consultation medicale;78;
Jun;23/06/2025;MC DONALD'S;CB MCDONALDS 1234 FACT 190625;Carte bancaire;Shopping et services;Restaurant;5.95;
Jun;21/06/2025;SERVICE NAVIGO;CB SERVICE NAVIGO FACT 190625;Carte bancaire;Transports;Transports en commun;2;
Jun;21/06/2025;SERVICE NAVIGO;CB SERVICE NAVIGO FACT 190625;Carte bancaire;Transports;Transports en commun;2;
Jun;20/06/2025;AUCHAN;CB AUCHAN PLAISIR FACT 180625;Carte bancaire;Shopping et services;Alimentation;35.2;
Jun;17/06/2025;CB MGP Vinted;CB MGP Vinted;Carte bancaire;Shopping et services;Remboursement;;15.39
Jun;17/06/2025;MGP Vinted;CB MGP Vinted FACT 150625;Carte bancaire;Shopping et services;Vetements & chaussures et maison ;5.59;
Jun;17/06/2025;MGP Vinted;CB MGP Vinted FACT 150625;Carte bancaire;Shopping et services;Vetements & chaussures et maison ;15.39;
Jun;16/06/2025;HETM0294;CB HETM0294 FACT 140625;Carte bancaire;Shopping et services;Vetements & chaussures et maison ;61.22;
Jun;16/06/2025;IKEA;CB IKEA PLAISIR FACT 140625;Carte bancaire;Logement - maison;Ameublement et travaux;3.99;
Jun;16/06/2025;MGP Vinted;CB MGP Vinted FACT 140625;Carte bancaire;Shopping et services;Vetements & chaussures et maison ;5.95;
Jun;16/06/2025;SERVICE NAVIGO;CB SERVICE NAVIGO FACT 130625;Carte bancaire;Transports;Transports en commun;2;
Jun;14/06/2025;RETRAIT D'ESPECES CB SOCIETE GENERAL;CB SOCIETE GENERAL;Retrait d'especes;"
Miscellaneous";Retrait d'especes;80;
Jun;14/06/2025;RETRAIT D'ESPECES CB SOCIETE GENERAL;CB SOCIETE GENERAL;Retrait d'especes;"
Miscellaneous";Retrait d'especes;100;
Jun;14/06/2025;SERVICE NAVIGO;CB SERVICE NAVIGO FACT 120625;Carte bancaire;Transports;Transports en commun;2;
Jun;14/06/2025;SERVICE NAVIGO;CB SERVICE NAVIGO FACT 120625;Carte bancaire;Transports;Transports en commun;2.5;
Jun;14/06/2025;SERVICE NAVIGO;CB SERVICE NAVIGO FACT 120625;Carte bancaire;Transports;Transports en commun;2.5;
Jun;12/06/2025;CB MGP Vinted;CB MGP Vinted;Carte bancaire;Shopping et services;Remboursement;;20.29
Jun;12/06/2025;ABIKER ET ASSOC;CB ABIKER ET ASSOC FACT 100625;Carte bancaire;Sante;Consultation medicale;703;
Jun;12/06/2025;SERVICE NAVIGO;CB SERVICE NAVIGO FACT 100625;Carte bancaire;Transports;Transports en commun;2;
Jun;12/06/2025;AUCHAN;CB AUCHAN PLAISIR FACT 100625;Carte bancaire;Shopping et services;Alimentation;25.81;
Jun;12/06/2025;LAURENCE VAYER;CB LAURENCE VAYER FACT 100625;Carte bancaire;Sante;Consultation medicale;78;
Jun;12/06/2025;MGP Vinted;CB MGP Vinted FACT 100625;Carte bancaire;Shopping et services;Vetements & chaussures et maison ;20.38;
Jun;11/06/2025;MGP Vinted;CB MGP Vinted FACT 090625;Carte bancaire;Shopping et services;Vetements & chaussures et maison ;20.29;
Jun;10/06/2025;MGP Vinted;CB MGP Vinted FACT 080625;Carte bancaire;Shopping et services;Vetements & chaussures et maison ;10.78;
Jun;09/06/2025;SERVICE NAVIGO;CB SERVICE NAVIGO FACT 070625;Carte bancaire;Transports;Transports en commun;2.5;
Jun;09/06/2025;MGP Vinted;CB MGP Vinted FACT 070625;Carte bancaire;Shopping et services;Vetements & chaussures et maison ;5.03;
Jun;07/06/2025;APPLE.COM/BILL;CB APPLE.COM/BILL FACT 050625;Carte bancaire;Shopping et services;Shopping et services - autre;0.99;
Jun;06/06/2025;INTER GREECE149;CB INTER GREECE149 FACT 040625;Carte bancaire;Shopping et services;Alimentation;2.93;
Jun;06/06/2025;MGP Vinted;CB MGP Vinted FACT 040625;Carte bancaire;Shopping et services;Vetements & chaussures et maison ;0.68;
Jun;02/06/2025;CB MGP Vinted;CB MGP Vinted;Carte bancaire;Shopping et services;Remboursement;;7.53
Jun;02/06/2025;ELIOR;CB CGF17506MONOP3 FACT 310525;Carte bancaire;Shopping et services;Restaurant;5.95;
Jun;02/06/2025;SERVICE NAVIGO;CB SERVICE NAVIGO FACT 310525;Carte bancaire;Transports;Transports en commun;2.5;
Jun;02/06/2025;SIMPLY MARKET;CB AUCHAN SUPERMAR FACT 300525;Carte bancaire;Shopping et services;Shopping et services - autre;7;
May;30/05/2025;AUCHAN;CB AUCHAN PLAISIR FACT 280525;Carte bancaire;Shopping et services;Alimentation;40;
May;30/05/2025;MGP Vinted;CB MGP Vinted FACT 280525;Carte bancaire;Shopping et services;Vetements & chaussures et maison ;16.19;
May;27/05/2025;EXO STORE;CB EXO STORE FACT 240525;Carte bancaire;Shopping et services;Shopping et services - autre;21.39;
May;26/05/2025;SONG HENG;CB SONG HENG FACT 240525;Carte bancaire;Shopping et services;Small Shops;10.1;
May;26/05/2025;INSTEA PARIS;CB INSTEA PARIS FACT 240525;Carte bancaire;Shopping et services;Restaurant;6.5;
May;23/05/2025;AUCHAN;CB AUCHAN PLAISIR FACT 210525;Carte bancaire;Shopping et services;Alimentation;32.39;
May;22/05/2025;ABIKER ET ASSOC;CB ABIKER ET ASSOC FACT 200525;Carte bancaire;Sante;Consultation medicale;100;
May;21/05/2025;MME BADER;CB MME BADER FACT 190525;Carte bancaire;Sante;Consultation medicale;11.69;
May;21/05/2025;LE SECRET DU PL;CB LE SECRET DU PL FACT 190525;Carte bancaire;Shopping et services;Small Shops;2.4;
May;20/05/2025;MGP Vinted;CB MGP Vinted FACT 180525;Carte bancaire;Shopping et services;Vetements & chaussures et maison ;4.63;
May;20/05/2025;LIDL;CB LIDL FACT 170525;Carte bancaire;Shopping et services;Shopping et services - autre;5.1;
May;19/05/2025;SERVICE NAVIGO;CB SERVICE NAVIGO FACT 170525;Carte bancaire;Transports;Peage et Stationnement;2.5;
May;19/05/2025;SERVICE NAVIGO;CB SERVICE NAVIGO FACT 170525;Carte bancaire;Transports;Peage et Stationnement;2;
May;19/05/2025;MGP Vinted;CB MGP Vinted FACT 170525;Carte bancaire;Shopping et services;Vetements & chaussures et maison ;5.68;
May;19/05/2025;MGP Vinted;CB MGP Vinted FACT 170525;Carte bancaire;Shopping et services;Vetements & chaussures et maison ;5.68;
May;19/05/2025;MGP Vinted;CB MGP Vinted FACT 160525;Carte bancaire;Shopping et services;Vetements & chaussures et maison ;10.28;
May;17/05/2025;WAYSIA;CB WAYSIA FACT 150525;Carte bancaire;Shopping et services;Alimentation;72.44;
May;17/05/2025;MARNIERE;CB MARNIERE FACT 140525;Carte bancaire;Shopping et services;Alimentation;11.37;
May;16/05/2025;MGP Vinted;CB MGP Vinted FACT 140525;Carte bancaire;Shopping et services;Vetements & chaussures et maison ;9.23;
May;15/05/2025;Action;CB Action 4508 FACT 130525;Carte bancaire;Shopping et services;Shopping et services - autre;2.57;
May;14/05/2025;AUCHAN;CB AUCHAN PLAISIR FACT 120525;Carte bancaire;Shopping et services;Alimentation;29.44;
May;13/05/2025;GRAND FRAIS;CB GRAND FRAIS FACT 090525;Carte bancaire;Shopping et services;Alimentation;14.68;
May;12/05/2025;SIMPLY MARKET;CB AUCHAN SUPERMAR FACT 100525;Carte bancaire;Shopping et services;Shopping et services - autre;6.26;
May;12/05/2025;AUCHAN;CB AUCHAN PLAISIR FACT 090525;Carte bancaire;Shopping et services;Alimentation;51.82;
May;12/05/2025;MGP Vinted;CB MGP Vinted FACT 090525;Carte bancaire;Shopping et services;Vetements & chaussures et maison ;2.99;
May;10/05/2025;YEAST;CB YEAST FACT 080525;Carte bancaire;Shopping et services;Small Shops;1;
May;10/05/2025;LIDL;CB LIDL PLAISIR FACT 080525;Carte bancaire;Shopping et services;Alimentation;6.13;
May;10/05/2025;MARNIERE;CB MARNIERE FACT 070525;Carte bancaire;Shopping et services;Alimentation;15.42;
May;07/05/2025;SERVICE NAVIGO;CB SERVICE NAVIGO FACT 050525;Carte bancaire;Transports;Peage et Stationnement;2;
May;07/05/2025;APPLE.COM/BILL;CB APPLE.COM/BILL FACT 050525;Carte bancaire;Shopping et services;Shopping et services - autre;0.99;
May;05/05/2025;HP powersante;CB HP powersante FACT 020525;Carte bancaire;Shopping et services;Coiffeurs et soins du corps;49.51;
May;05/05/2025;MGP Vinted;CB MGP Vinted FACT 020525;Carte bancaire;Shopping et services;Vetements & chaussures et maison ;5.89;
May;03/05/2025;AOUAAL;CB AOUAAL FACT 010525;Carte bancaire;Shopping et services;Shopping et services - autre;16.6;
May;03/05/2025;MGP Vinted;CB MGP Vinted FACT 010525;Carte bancaire;Shopping et services;Vetements & chaussures et maison ;6.73;
May;02/05/2025;SIMPLY MARKET;CB AUCHAN SUPERMAR FACT 290425;Carte bancaire;Shopping et services;Shopping et services - autre;4.29;
May;02/05/2025;LAURENCE VAYER;CB LAURENCE VAYER FACT 290425;Carte bancaire;Sante;Consultation medicale;11.52;
Apr;30/04/2025;PHARMACIE MOUSSUS;CB PHAR GRD PLAISI FACT 280425;Carte bancaire;Sante;Pharmacie;12.49;
Apr;30/04/2025;AUCHAN;CB AUCHAN PLAISIR FACT 280425;Carte bancaire;Shopping et services;Alimentation;16.27;
Apr;29/04/2025;RETRAIT D'ESPECES CB GAB PLAISIR;CB GAB PLAISIR;Retrait d'especes;"
Miscellaneous";Retrait d'especes;30;
Apr;29/04/2025;RETRAIT D'ESPECES CB GAB PLAISIR;CB GAB PLAISIR;Retrait d'especes;"
Miscellaneous";Retrait d'especes;50;
Apr;28/04/2025;SIMPLY MARKET;CB AUCHAN SUPERMAR FACT 260425;Carte bancaire;Shopping et services;Shopping et services - autre;7.02;
Apr;26/04/2025;ABIKER ET ASSOC;CB ABIKER ET ASSOC FACT 240425;Carte bancaire;Sante;Consultation medicale;46.39;
Apr;25/04/2025;SERVICE NAVIGO;CB SERVICE NAVIGO FACT 230425;Carte bancaire;Transports;Peage et Stationnement;2;
Apr;24/04/2025;MGP Vinted;CB MGP Vinted FACT 220425;Carte bancaire;Shopping et services;Vetements & chaussures et maison ;6.08;
Apr;24/04/2025;MGP Vinted;CB MGP Vinted FACT 220425;Carte bancaire;Shopping et services;Vetements & chaussures et maison ;14.98;
Apr;24/04/2025;MGP Vinted;CB MGP Vinted FACT 220425;Carte bancaire;Shopping et services;Vetements & chaussures et maison ;7.69;
Apr;23/04/2025;CB MGP Vinted;CB MGP Vinted;Carte bancaire;Shopping et services;Remboursement;;24.98
Apr;22/04/2025;MGP Vinted;CB MGP Vinted FACT 200425;Carte bancaire;Shopping et services;Vetements & chaussures et maison ;24.98;
Apr;22/04/2025;MARNIERE;CB MARNIERE FACT 190425;Carte bancaire;Shopping et services;Alimentation;12.02;
Apr;22/04/2025;MICOLET;CB MICOLET FACT 180425;Carte bancaire;Shopping et services;Vetements & chaussures et maison ;3.19;
Apr;19/04/2025;MGP Vinted;CB MGP Vinted FACT 170425;Carte bancaire;Shopping et services;Vetements & chaussures et maison ;12.99;
Apr;17/04/2025;MGP Vinted;CB MGP Vinted FACT 150425;Carte bancaire;Shopping et services;Vetements & chaussures et maison ;6.61;
Apr;17/04/2025;MGP Vinted;CB MGP Vinted FACT 150425;Carte bancaire;Shopping et services;Vetements & chaussures et maison ;9.88;
Apr;16/04/2025;CB MGP Vinted;CB MGP Vinted;Carte bancaire;Shopping et services;Remboursement;;18.24
Apr;16/04/2025;MICOLET;CB MICOLET FACT 140425;Carte bancaire;Shopping et services;Vetements & chaussures et maison ;31.05;
Apr;12/04/2025;MGP Vinted;CB MGP Vinted FACT 100425;Carte bancaire;Shopping et services;Vetements & chaussures et maison ;11.99;
Apr;11/04/2025;MGP Vinted;CB MGP Vinted FACT 090425;Carte bancaire;Shopping et services;Vetements & chaussures et maison ;11.83;
Apr;11/04/2025;Vietnam Airline;CB Vietnam Airline FACT 090425;Carte bancaire;Loisirs et vacances;Trains;338.98;
Apr;11/04/2025;Vietnam Airline;CB Vietnam Airline FACT 090425;Carte bancaire;Loisirs et vacances;Trains;22.6;
Apr;11/04/2025;Vietnam Airline;CB Vietnam Airline FACT 090425;Carte bancaire;Loisirs et vacances;Trains;374.26;
Apr;10/04/2025;MGP Vinted;CB MGP Vinted FACT 080425;Carte bancaire;Shopping et services;Vetements & chaussures et maison ;8.69;
Apr;10/04/2025;APPLE.COM/BILL;CB APPLE.COM/BILL FACT 080425;Carte bancaire;Shopping et services;Shopping et services - autre;4.99;
Apr;09/04/2025;CB MGP Vinted;CB MGP Vinted;Carte bancaire;Shopping et services;Remboursement;;12.38
Apr;09/04/2025;MGP Vinted;CB MGP Vinted FACT 070425;Carte bancaire;Shopping et services;Vetements & chaussures et maison ;7.53;
Apr;07/04/2025;MGP Vinted;CB MGP Vinted FACT 050425;Carte bancaire;Shopping et services;Vetements & chaussures et maison ;14.08;
Apr;07/04/2025;MGP Vinted;CB MGP Vinted FACT 050425;Carte bancaire;Shopping et services;Vetements & chaussures et maison ;20.86;
Apr;07/04/2025;MGP Vinted;CB MGP Vinted FACT 040425;Carte bancaire;Shopping et services;Vetements & chaussures et maison ;22.88;
Apr;05/04/2025;MGP Vinted;CB MGP Vinted FACT 030425;Carte bancaire;Shopping et services;Vetements & chaussures et maison ;13.24;
Apr;04/04/2025;MGP Vinted;CB MGP Vinted FACT 020425;Carte bancaire;Shopping et services;Vetements & chaussures et maison ;5.68;
Apr;04/04/2025;MGP Vinted;CB MGP Vinted FACT 020425;Carte bancaire;Shopping et services;Vetements & chaussures et maison ;9.73;
Apr;03/04/2025;MGP Vinted;CB MGP Vinted FACT 010425;Carte bancaire;Shopping et services;Vetements & chaussures et maison ;8.18;
Apr;02/04/2025;MGP Vinted;CB MGP Vinted FACT 310325;Carte bancaire;Shopping et services;Vetements & chaussures et maison ;11.98;
Apr;01/04/2025;MGP Vinted;CB MGP Vinted FACT 300325;Carte bancaire;Shopping et services;Vetements & chaussures et maison ;14.98;
Apr;01/04/2025;MGP Vinted;CB MGP Vinted FACT 300325;Carte bancaire;Shopping et services;Vetements & chaussures et maison ;12.88;
Mar;31/03/2025;CB WAYSIA;CB WAYSIA;Carte bancaire;Shopping et services;Remboursement;;15.08
Mar;31/03/2025;CB WAYSIA;CB WAYSIA;Carte bancaire;Shopping et services;Remboursement;;15.27
Mar;31/03/2025;CB WAYSIA;CB WAYSIA;Carte bancaire;Shopping et services;Remboursement;;0.63
Mar;31/03/2025;CB WAYSIA;CB WAYSIA;Carte bancaire;Shopping et services;Remboursement;;0.18
Mar;31/03/2025;MGP Vinted;CB MGP Vinted FACT 290325;Carte bancaire;Shopping et services;Vetements & chaussures et maison ;18.24;
Mar;31/03/2025;MGP Vinted;CB MGP Vinted FACT 280325;Carte bancaire;Shopping et services;Vetements & chaussures et maison ;6.84;
Mar;31/03/2025;MGP Vinted;CB MGP Vinted FACT 280325;Carte bancaire;Shopping et services;Vetements & chaussures et maison ;10.28;
Mar;29/03/2025;WAYSIA;CB WAYSIA FACT 270325;Carte bancaire;Shopping et services;Alimentation;76.8;
Mar;29/03/2025;WAYSIA;CB WAYSIA FACT 270325;Carte bancaire;Shopping et services;Alimentation;75.8;
Mar;28/03/2025;CB MGP Vinted;CB MGP Vinted;Carte bancaire;Shopping et services;Remboursement;;11.84
Mar;26/03/2025;MGP Vinted;CB MGP Vinted FACT 240325;Carte bancaire;Shopping et services;Vetements & chaussures et maison ;9.88;
Mar;22/03/2025;MGP Vinted;CB MGP Vinted FACT 200325;Carte bancaire;Shopping et services;Vetements & chaussures et maison ;9.23;
Mar;22/03/2025;MGP Vinted;CB MGP Vinted FACT 200325;Carte bancaire;Shopping et services;Vetements & chaussures et maison ;2.74;
Mar;20/03/2025;MICOLET;CB MICOLET FACT 180325;Carte bancaire;Shopping et services;Vetements & chaussures et maison ;2.82;
Mar;19/03/2025;CB MGP Vinted;CB MGP Vinted;Carte bancaire;Shopping et services;Remboursement;;12.19
Mar;19/03/2025;MICOLET;CB MICOLET FACT 170325;Carte bancaire;Shopping et services;Vetements & chaussures et maison ;38.25;
Mar;14/03/2025;SIMPLY MARKET;CB AUCHAN SUPERMAR FACT 120325;Carte bancaire;Shopping et services;Shopping et services - autre;6.39;
Mar;13/03/2025;MGP Vinted;CB MGP Vinted FACT 110325;Carte bancaire;Shopping et services;Vetements & chaussures et maison ;11.84;
Mar;10/03/2025;CB MGP Vinted;CB MGP Vinted;Carte bancaire;Shopping et services;Remboursement;;8.68
Mar;08/03/2025;CB WAYSIA;CB WAYSIA;Carte bancaire;Shopping et services;Remboursement;;0.4
Mar;06/03/2025;WAYSIA;CB WAYSIA FACT 040325;Carte bancaire;Shopping et services;Alimentation;85.16;
Mar;04/03/2025;CB MGP Vinted;CB MGP Vinted;Carte bancaire;Shopping et services;Remboursement;;16.77
Mar;04/03/2025;MGP Vinted;CB MGP Vinted FACT 020325;Carte bancaire;Shopping et services;Vetements & chaussures et maison ;5.68;
Mar;04/03/2025;MGP Vinted;CB MGP Vinted FACT 020325;Carte bancaire;Shopping et services;Vetements & chaussures et maison ;8.68;
Mar;03/03/2025;MGP Vinted;CB MGP Vinted FACT 280225;Carte bancaire;Shopping et services;Vetements & chaussures et maison ;16.77;
Mar;03/03/2025;MGP Vinted;CB MGP Vinted FACT 280225;Carte bancaire;Shopping et services;Vetements & chaussures et maison ;8.17;
Mar;03/03/2025;MGP Vinted;CB MGP Vinted FACT 280225;Carte bancaire;Shopping et services;Vetements & chaussures et maison ;8.18;
Feb;28/02/2025;MGP Vinted;CB MGP Vinted FACT 260225;Carte bancaire;Shopping et services;Vetements & chaussures et maison ;22.48;
Feb;27/02/2025;MGP Vinted;CB MGP Vinted FACT 250225;Carte bancaire;Shopping et services;Vetements & chaussures et maison ;6.73;
Feb;27/02/2025;MGP Vinted;CB MGP Vinted FACT 250225;Carte bancaire;Shopping et services;Vetements & chaussures et maison ;12.88;
Feb;27/02/2025;MGP Vinted;CB MGP Vinted FACT 250225;Carte bancaire;Shopping et services;Vetements & chaussures et maison ;12.38;
Feb;22/02/2025;notino.fr;CB notino.fr FACT 200225;Carte bancaire;Shopping et services;Coiffeurs et soins du corps;57.8;
Feb;21/02/2025;MGP Vinted;CB MGP Vinted FACT 190225;Carte bancaire;Shopping et services;Vetements & chaussures et maison ;12.19;
Feb;17/02/2025;SOGEST SARL;CB SOGEST SARL FACT 150225;Carte bancaire;Shopping et services;Alimentation;76.97;
Feb;17/02/2025;MARNIERE;CB MARNIERE FACT 130225;Carte bancaire;Shopping et services;Alimentation;16.18;
Feb;11/02/2025;MGP Vinted;CB MGP Vinted FACT 090225;Carte bancaire;Shopping et services;Vetements & chaussures et maison ;10.78;
Feb;10/02/2025;MGP Vinted;CB MGP Vinted FACT 080225;Carte bancaire;Shopping et services;Vetements & chaussures et maison ;8.28;
Feb;08/02/2025;CB WAYSIA;CB WAYSIA;Carte bancaire;Shopping et services;Remboursement;;0.03
Feb;07/02/2025;SERVICE NAVIGO;CB SERVICE NAVIGO FACT 050225;Carte bancaire;Transports;Peage et Stationnement;2.5;
Feb;07/02/2025;SERVICE NAVIGO;CB SERVICE NAVIGO FACT 050225;Carte bancaire;Transports;Peage et Stationnement;2.5;
Feb;06/02/2025;WAYSIA;CB WAYSIA FACT 040225;Carte bancaire;Shopping et services;Alimentation;92.75;
Feb;03/02/2025;SERVICE NAVIGO;CB SERVICE NAVIGO FACT 310125;Carte bancaire;Transports;Peage et Stationnement;2;
Feb;01/02/2025;AUCHAN SUPERMAR;CB AUCHAN SUPERMAR FACT 300125;Carte bancaire;Shopping et services;Shopping et services - autre;5.77;
Jan;31/01/2025;MGP Vinted;CB MGP Vinted FACT 290125;Carte bancaire;Shopping et services;Vetements & chaussures et maison ;10.33;
Jan;30/01/2025;MGP Vinted;CB MGP Vinted FACT 280125;Carte bancaire;Shopping et services;Vetements & chaussures et maison ;9.73;
Jan;29/01/2025;SERVICE NAVIGO;CB SERVICE NAVIGO FACT 270125;Carte bancaire;Transports;Peage et Stationnement;2;
Jan;29/01/2025;SERVICE NAVIGO;CB SERVICE NAVIGO FACT 250125;Carte bancaire;Transports;Peage et Stationnement;2.5;
Jan;29/01/2025;SERVICE NAVIGO;CB SERVICE NAVIGO FACT 250125;Carte bancaire;Transports;Peage et Stationnement;2.5;
Jan;29/01/2025;SERVICE NAVIGO;CB SERVICE NAVIGO FACT 250125;Carte bancaire;Transports;Peage et Stationnement;2.5;
Jan;28/01/2025;MGP Vinted;CB MGP Vinted FACT 260125;Carte bancaire;Shopping et services;Vetements & chaussures et maison ;19.44;
Jan;28/01/2025;PHO SAIGON;CB PHO SAIGON FACT 250125;Carte bancaire;Shopping et services;Restaurant;28;
Jan;27/01/2025;MGP Vinted;CB MGP Vinted FACT 240125;Carte bancaire;Shopping et services;Vetements & chaussures et maison ;0.68;
Jan;25/01/2025;HETM0294;CB HETM0294 FACT 230125;Carte bancaire;Shopping et services;Vetements & chaussures et maison ;7.98;
Jan;25/01/2025;AUCHAN PLAISIR;CB AUCHAN PLAISIR FACT 230125;Carte bancaire;Shopping et services;Alimentation;26;
Jan;24/01/2025;MGP Vinted;CB MGP Vinted FACT 220125;Carte bancaire;Shopping et services;Vetements & chaussures et maison ;8.62;
Jan;24/01/2025;MARNIERE;CB MARNIERE FACT 220125;Carte bancaire;Shopping et services;Alimentation;12.74;
Jan;20/01/2025;MARNIERE;CB MARNIERE FACT 170125;Carte bancaire;Shopping et services;Alimentation;27.9;
Jan;20/01/2025;LE SECRET DU PL;CB LE SECRET DU PL FACT 160125;Carte bancaire;Shopping et services;Small Shops;2.6;
Jan;18/01/2025;CB WAYSIA;CB WAYSIA;Carte bancaire;Shopping et services;Remboursement;;0.1
Jan;18/01/2025;AUCHAN SUPERMAR;CB AUCHAN SUPERMAR FACT 160125;Carte bancaire;Shopping et services;Shopping et services - autre;11.94;
Jan;17/01/2025;MGP Vinted;CB MGP Vinted FACT 150125;Carte bancaire;Shopping et services;Vetements & chaussures et maison ;11.14;
Jan;17/01/2025;SERVICE NAVIGO;CB SERVICE NAVIGO FACT 150125;Carte bancaire;Transports;Peage et Stationnement;2;
Jan;17/01/2025;BURGER KING;CB BURGER KING FACT 140125;Carte bancaire;Shopping et services;Restaurant;4;
Jan;16/01/2025;WAYSIA;CB WAYSIA FACT 140125;Carte bancaire;Shopping et services;Alimentation;76.45;
Jan;16/01/2025;Action;CB Action 4508 FACT 140125;Carte bancaire;Shopping et services;Shopping et services - autre;4.16;
Jan;13/01/2025;AUCHAN PLAISIR;CB AUCHAN PLAISIR FACT 100125;Carte bancaire;Shopping et services;Alimentation;27;
Jan;13/01/2025;MARNIERE;CB MARNIERE FACT 090125;Carte bancaire;Shopping et services;Alimentation;21.34;
Jan;09/01/2025;AUCHAN PLAISIR;CB AUCHAN PLAISIR FACT 070125;Carte bancaire;Shopping et services;Alimentation;25.17;
Jan;07/01/2025;MGP Vinted;CB MGP Vinted FACT 040125;Carte bancaire;Shopping et services;Vetements & chaussures et maison ;12.91;
Jan;06/01/2025;CB WAYSIA;CB WAYSIA;Carte bancaire;Shopping et services;Remboursement;;0.07
Jan;06/01/2025;MGP Vinted;CB MGP Vinted FACT 030125;Carte bancaire;Shopping et services;Vetements & chaussures et maison ;20.78;
Jan;06/01/2025;AUCHAN PLAISIR;CB AUCHAN PLAISIR FACT 030125;Carte bancaire;Shopping et services;Alimentation;43.63;
Jan;06/01/2025;MARNIERE;CB MARNIERE FACT 020125;Carte bancaire;Shopping et services;Alimentation;23.58;
Jan;04/01/2025;WAYSIA;CB WAYSIA FACT 020125;Carte bancaire;Shopping et services;Alimentation;59.92;
Jan;02/01/2025;IKEA PLAISIR;CB IKEA PLAISIR FACT 311224;Carte bancaire;Logement - maison;Ameublement et travaux;12.15;
Jan;02/01/2025;MGP Vinted;CB MGP Vinted FACT 301224;Carte bancaire;Shopping et services;Vetements & chaussures et maison ;19.33;
Jan;02/01/2025;AUCHAN PLAISIR;CB AUCHAN PLAISIR FACT 271224;Carte bancaire;Shopping et services;Alimentation;8;
Oct;31/10/2025;SOFT CONTROL;VIR SEPA SOFT CONTROL;Virement recu;Rentree d'argent;SOFT CONTROL;;2,270.88
Oct;29/10/2025;INDIGO;CB INDIGO0750804 FACT 271025;Carte bancaire;Transports;Peage et Stationnement;15.7;
Oct;18/10/2025;INDIGO;CB INDIGO 921008 FACT 161025;Carte bancaire;Transports;Peage et Stationnement;15.9;
Oct;13/10/2025;BEYNES BARBER;CB BEYNES BARBER FACT 101025;Carte bancaire;Shopping et services;Coiffeurs et soins du corps;15;
Oct;10/10/2025;SOFT CONTROL;VIR SEPA SOFT CONTROL;Virement recu;Rentree d'argent;SOFT CONTROL;;139.00
Oct;10/10/2025;SOFT CONTROL;VIR SEPA SOFT CONTROL;Virement recu;Rentree d'argent;SOFT CONTROL;;260.08
Oct;10/10/2025;DGFIP;PRLV DIRECTION GENERALE DES FINA;Prelevement;Impots & taxes & assurances;Impots et taxes - autre;861;
Oct;10/10/2025;SUPER JET;CB FRANCE LAVAGE FACT 091025;Carte bancaire;Transports;Entretien de vehicule;12;
Oct;10/10/2025;QPLD P1P2 AUT;CB QPLD P1P2 AUT FACT 091025;Carte bancaire;Transports;Peage et Stationnement;6.8;
Oct;08/10/2025;AUCHAN DAC;CB AUCHAN DAC FACT 071025;Carte bancaire;Transports;Carburant;62.56;
Oct;08/10/2025;KFC;CB KFC PLAISIR FACT 051025;Carte bancaire;Shopping et services;Restaurant;11.39;
Oct;06/10/2025;ADMIRAL INTERMEDIARY SERVICES;PRLV LOLIVIER ASSURANCE EUI Fra;Prelevement;Impots & taxes & assurances;Assurance ;46.32;
Oct;06/10/2025;CAF DES YVELINES;VIR SEPA CAF DES YVELINES;Virement recu;Aides;Aides et allocations;;347.65
Sep;30/09/2025;SOFT CONTROL;VIR SEPA SOFT CONTROL;Virement recu;Rentree d'argent;SOFT CONTROL;;2,136.09
Sep;27/09/2025;MARNIERE;CB MARNIERE FACT 240925;Carte bancaire;Shopping et services;Alimentation;9.84;
Sep;23/09/2025;LES BAINS DE SEINE MAULDRE;CB AQUAVAL AUBERGE FACT 200925;Carte bancaire;Loisirs et vacances;Sport;16.7;
Sep;23/09/2025;CARREFOUR HYPERMARCHES;CB CARREFOUR FLINS FACT 200925;Carte bancaire;Shopping et services;Alimentation;18.72;
Sep;22/09/2025;AUCHAN DAC;CB AUCHAN DAC FACT 190925;Carte bancaire;Transports;Carburant;58.8;
Sep;19/09/2025;STE DE GESTION ADMINIS;VIR SEPA STE DE GESTION ADMINIS;Virement recu;Rentree d'argent;Aides et allocations;;29.90
Sep;19/09/2025;SOCIETE DES AUTOROUTES PARIS NORMANDIE S.A.P.N.;CB SAPN FACT 180925;Carte bancaire;Transports;Peage et Stationnement;17.2;
Sep;17/09/2025;CPAM DES YVELINES;VIR SEPA CPAM DES YVELINES;Virement recu;Aides;Remboursements de soins;;16.10
Sep;16/09/2025;SOCIETE DES AUTOROUTES PARIS NORMANDIE S.A.P.N.;CB SAPN FACT 130925;Carte bancaire;Transports;Peage et Stationnement;42.8;
Sep;16/09/2025;SOCIETE DES AUTOROUTES PARIS NORMANDIE S.A.P.N.;CB SAPN FACT 130925;Carte bancaire;Transports;Peage et Stationnement;10.7;
Sep;13/09/2025;MAISON GABESTAN;CB MAISON GABESTAN FACT 110925;Carte bancaire;Shopping et services;Small Shops;9;
Sep;12/09/2025;MAISON GABESTAN;CB MAISON GABESTAN FACT 100925;Carte bancaire;Shopping et services;Small Shops;9;
Sep;11/09/2025;INDIGO;CB INDIGO 921008 FACT 090925;Carte bancaire;Transports;Peage et Stationnement;14.7;
Sep;11/09/2025;SUPER JET;CB FRANCE LAVAGE FACT 080925;Carte bancaire;Transports;Entretien de vehicule;12;
Sep;10/09/2025;DECATHLON;CB DECATHLON PLAIS FACT 070925;Carte bancaire;Shopping et services;Sport;9.99;
Sep;09/09/2025;PISCINE SQY.CB;CB PISCINE SQY.CB FACT 070925;Carte bancaire;Loisirs et vacances;Sport;1;
Sep;09/09/2025;SIMPLY MARKET;CB AUCHAN SUPERMAR FACT 070925;Carte bancaire;Shopping et services;Shopping et services - autre;4.1;
Sep;08/09/2025;AUCHAN DAC;CB AUCHAN DAC FACT 070925;Carte bancaire;Transports;Carburant;18.03;
Sep;08/09/2025;AUCHAN DAC;CB AUCHAN DAC FACT 060925;Carte bancaire;Transports;Carburant;54.32;
Sep;05/09/2025;CAF DES YVELINES;VIR SEPA CAF DES YVELINES;Virement recu;Aides;Aides et allocations;;347.65
Sep;04/09/2025;ADMIRAL INTERMEDIARY SERVICES;PRLV LOLIVIER ASSURANCE EUI Fra;Prelevement;Impots & taxes & assurances;Assurance ;46.32;
Sep;01/09/2025;SOFT CONTROL;VIR SEPA SOFT CONTROL;Virement recu;Rentree d'argent;SOFT CONTROL;;1,529.40
Aug;20/08/2025;BEYNES BARBER;CB BEYNES BARBER FACT 180825;Carte bancaire;Shopping et services;Coiffeurs et soins du corps;15;
Aug;19/08/2025;SAS AUX SAVEU;CB SAS AUX SAVEU FACT 170825;Carte bancaire;Shopping et services;Small Shops;1.3;
Aug;18/08/2025;SOFT CONTROL;VIR SEPA SOFT CONTROL;Virement recu;Rentree d'argent;SOFT CONTROL;;332.30
Aug;16/08/2025;B.LOUISE PLAISI;CB B.LOUISE PLAISI FACT 140825;Carte bancaire;Shopping et services;Small Shops;17.25;
Aug;13/08/2025;SOCIETE DES AUTOROUTES PARIS NORMANDIE S.A.P.N.;CB SAPN FACT 120825;Carte bancaire;Transports;Peage et Stationnement;17.2;
Aug;13/08/2025;aux saveurs;CB aux saveurs FACT 110825;Carte bancaire;Shopping et services;Small Shops;1.3;
Aug;08/08/2025;AUCHAN DAC;CB AUCHAN DAC FACT 070825;Carte bancaire;Transports;Carburant;67.65;
Aug;08/08/2025;BENNET;CB BENNET FACT 060825;Carte bancaire;Shopping et services;Alimentation;9.99;
Aug;08/08/2025;PV1254;CB PV1254 FACT 060825;Carte bancaire;Transports;Carburant;8.93;
Aug;08/08/2025;HOTEL LE FAVAGL;CB HOTEL LE FAVAGL FACT 060825;Carte bancaire;Loisirs et vacances;Hotel;32;
Aug;06/08/2025;BENNET;CB BENNET FACT 040825;Carte bancaire;Shopping et services;Alimentation;4.24;
Aug;05/08/2025;CAF DES YVELINES;VIR SEPA CAF DES YVELINES;Virement recu;Aides;Aides et allocations;;347.65
Aug;05/08/2025;SOCIETE DES AUTOROUTES PARIS NORMANDIE S.A.P.N.;CB SAPN FACT 040825;Carte bancaire;Transports;Peage et Stationnement;17.2;
Aug;05/08/2025;PISCINE SQY.CB;CB PISCINE SQY.CB FACT 030825;Carte bancaire;Loisirs et vacances;Sport;1;
Aug;04/08/2025;ADMIRAL INTERMEDIARY SERVICES;PRLV LOLIVIER ASSURANCE EUI Fra;Prelevement;Impots & taxes & assurances;Assurance ;46.32;
Aug;04/08/2025;SUPER JET;CB FRANCE LAVAGE FACT 020825;Carte bancaire;Transports;Entretien de vehicule;12;
Aug;02/08/2025;BOULANGERIE LA;CB BOULANGERIE LA FACT 310725;Carte bancaire;Shopping et services;Small Shops;1.3;
Aug;02/08/2025;DEKRA-NORISKO.F;CB DEKRA-NORISKO.F FACT 310725;Carte bancaire;Transports;Entretien de vehicule;63;
Aug;02/08/2025;Paris Aeroport;CB Paris Aeroport FACT 310725;Carte bancaire;Loisirs et vacances;Trains;80.75;
Aug;01/08/2025;SOFT CONTROL;VIR SEPA SOFT CONTROL;Virement recu;Rentree d'argent;SOFT CONTROL;;2,899.67
Jul;31/07/2025;STE DE GESTION ADMINIS;VIR SEPA STE DE GESTION ADMINIS;Virement recu;Rentree d'argent;Aides et allocations;;10.50
Jul;31/07/2025;BOULANGERIE LA;CB BOULANGERIE LA FACT 290725;Carte bancaire;Shopping et services;Small Shops;1.3;
Jul;31/07/2025;DECATHLON;CB DECATHLON PLAIS FACT 280725;Carte bancaire;Shopping et services;Sport;11.99;
Jul;30/07/2025;STE DE GESTION ADMINIS;VIR SEPA STE DE GESTION ADMINIS;Virement recu;Rentree d'argent;Aides et allocations;;9.00
Jul;29/07/2025;CPAM DES YVELINES;VIR SEPA CPAM DES YVELINES;Virement recu;Aides;Remboursements de soins;;69.50
Jul;29/07/2025;SOCIETE DES AUTOROUTES PARIS NORMANDIE S.A.P.N.;CB SAPN FACT 280725;Carte bancaire;Transports;Peage et Stationnement;21.4;
Jul;25/07/2025;SUPER JET;CB FRANCE LAVAGE FACT 230725;Carte bancaire;Transports;Entretien de vehicule;16;
Jul;25/07/2025;Zalando Payment;CB Zalando Payment FACT 220725;Carte bancaire;Shopping et services;Alimentation;71.94;
Jul;24/07/2025;aux saveurs;CB aux saveurs FACT 230725;Carte bancaire;Shopping et services;Small Shops;1.3;
Jul;23/07/2025;ABIKER ET ASSOC;CB ABIKER ET ASSOC FACT 220725;Carte bancaire;Sante;Consultation medicale;9.2;
Jul;22/07/2025;AUCHAN DAC;CB AUCHAN DAC FACT 210725;Carte bancaire;Transports;Carburant;63.63;
Jul;22/07/2025;AMV;CB A M V FACT 210725;Carte bancaire;Impots & taxes & assurances;Assurance ;256;
Jul;21/07/2025;SOFT CONTROL;VIR SEPA SOFT CONTROL;Virement recu;Rentree d'argent;SOFT CONTROL;;356.00
Jul;21/07/2025;DECATHLON;CB DECATHLON PLAIS FACT 180725;Carte bancaire;Shopping et services;Sport;3.19;
Jul;19/07/2025;SOCIETE DES AUTOROUTES PARIS NORMANDIE S.A.P.N.;CB SAPN FACT 180725;Carte bancaire;Transports;Peage et Stationnement;13;
Jul;19/07/2025;DUFRITAL 119 MX;CB DUFRITAL 119 MX FACT 170725;Carte bancaire;Shopping et services;Shopping et services - autre;2;
Jul;19/07/2025;46359 BAREGGIO;CB 46359 BAREGGIO FACT 170725;Carte bancaire;Transports;Carburant;10.42;
Jul;19/07/2025;SOCIETE DES AUTOROUTES PARIS NORMANDIE S.A.P.N.;CB SAPN FACT 110725;Carte bancaire;Transports;Peage et Stationnement;21.4;
Jul;17/07/2025;ZALANDO PAYMENT;CB ZALANDO PAYMENT FACT 090725;Carte bancaire;Shopping et services;Alimentation;103.54;
Jul;15/07/2025;Paris Aeroport;CB Paris Aeroport FACT 120725;Carte bancaire;Loisirs et vacances;Trains;92.71;
Jul;12/07/2025;SOCIETE DES AUTOROUTES PARIS NORMANDIE S.A.P.N.;CB SAPN FACT 110725;Carte bancaire;Transports;Peage et Stationnement;21.4;
Jul;12/07/2025;INDIGO;CB INDIGO FACT 100725;Carte bancaire;Transports;Peage et Stationnement;17.6;
Jul;11/07/2025;BOULANGERIE LA;CB BOULANGERIE LA FACT 090725;Carte bancaire;Shopping et services;Small Shops;1.3;
Jul;11/07/2025;PEUGEOT SAVEURS;CB PEUGEOT SAVEURS FACT 090725;Carte bancaire;Shopping et services;Shopping et services - autre;52.08;
Jul;11/07/2025;Jack Jones;CB Jack Jones FACT 090725;Carte bancaire;Shopping et services;Vetements & chaussures et maison ;84.99;
Jul;09/07/2025;STE DE GESTION ADMINIS;VIR SEPA STE DE GESTION ADMINIS;Virement recu;Rentree d'argent;Aides et allocations;;6.00
Jul;09/07/2025;CPAM DES YVELINES;VIR SEPA CPAM DES YVELINES;Virement recu;Aides;Remboursements de soins;;45.00
Jul;07/07/2025;CARON SERVICE;CB CARON SERVICE FACT 050725;Carte bancaire;Shopping et services;Shopping et services - autre;0.5;
Jul;07/07/2025;AUCHAN DAC;CB AUCHAN DAC FACT 040725;Carte bancaire;Transports;Carburant;54.74;
Jul;07/07/2025;CARREFOUR;CB CARREFOUR STQUE FACT 040725;Carte bancaire;Shopping et services;Alimentation;54.11;
Jul;04/07/2025;ADMIRAL INTERMEDIARY SERVICES;PRLV LOLIVIER ASSURANCE EUI Fra;Prelevement;Impots & taxes & assurances;Assurance ;46.32;
Jul;04/07/2025;CAF DES YVELINES;VIR SEPA CAF DES YVELINES;Virement recu;Aides;Aides et allocations;;347.65
Jul;03/07/2025;SUPER JET;CB FRANCE LAVAGE FACT 010725;Carte bancaire;Transports;Entretien de vehicule;8;
Jul;03/07/2025;INDIGO;CB INDIGO 921008 FACT 300625;Carte bancaire;Transports;Peage et Stationnement;3.5;
Jul;02/07/2025;STE DE GESTION ADMINIS;VIR SEPA STE DE GESTION ADMINIS;Virement recu;Rentree d'argent;Aides et allocations;;790.00
Jul;02/07/2025;aux saveurs;CB aux saveurs FACT 300625;Carte bancaire;Shopping et services;Small Shops;3.3;
Jul;02/07/2025;Lidl SNC;CB Lidl SNC FACT 290625;Carte bancaire;Shopping et services;Alimentation;24.98;
Jul;01/07/2025;PEUGEOT SAVEURS;CB PEUGEOT SAVEURS FACT 290625;Carte bancaire;Shopping et services;Shopping et services - autre;15.54;
Jul;01/07/2025;Levis France -;CB Levis France - FACT 290625;Carte bancaire;Shopping et services;Vetements & chaussures et maison ;105;
Jun;30/06/2025;SOFT CONTROL;VIR SEPA SOFT CONTROL;Virement recu;Rentree d'argent;SOFT CONTROL;;2,447.47
Jun;30/06/2025;aux saveurs;CB aux saveurs FACT 270625;Carte bancaire;Shopping et services;Small Shops;4;
Jun;30/06/2025;AUTO BILAN LES;CB AUTO BILAN LES FACT 270625;Carte bancaire;Transports;Entretien de vehicule;58;
Jun;28/06/2025;COFIROUTE ABLIS;CB COFIROUTE ABLIS FACT 260625;Carte bancaire;Transports;Peage et Stationnement;28.2;
Jun;28/06/2025;PEAGE AUTOROUTE;CB ASF CORZE FACT 260625;Carte bancaire;Transports;Peage et Stationnement;28.2;
Jun;27/06/2025;STE DE GESTION ADMINIS;VIR SEPA STE DE GESTION ADMINIS;Virement recu;Rentree d'argent;Aides et allocations;;6.00
Jun;27/06/2025;SUPER U;CB UEP DAC SUPER U FACT 260625;Carte bancaire;Transports;Carburant;52.26;
Jun;27/06/2025;PEAGE AUTOROUTE;CB ASF-CORZE FACT 240625;Carte bancaire;Transports;Peage et Stationnement;28.2;
Jun;26/06/2025;COFIROUTE ABLIS;CB COFIROUTE ABLIS FACT 240625;Carte bancaire;Transports;Peage et Stationnement;28.2;
Jun;25/06/2025;SUPER U;CB UEP DAC SUPER U FACT 240625;Carte bancaire;Transports;Carburant;46.84;
Jun;25/06/2025;aux saveurs;CB aux saveurs FACT 230625;Carte bancaire;Shopping et services;Small Shops;3.1;
Jun;24/06/2025;CASTORAMA;CB CASTORAMA FACT 220625;Carte bancaire;Logement - maison;Ameublement et travaux;3.99;
Jun;24/06/2025;MANTES ASIE STORE;CB MANTES ASIE STO FACT 220625;Carte bancaire;Shopping et services;Alimentation;12.3;
Jun;24/06/2025;LEROY MERLIN;CB LEROY MERLIN FACT 220625;Carte bancaire;Logement - maison;Ameublement et travaux;6.38;
Jun;23/06/2025;SUPER JET;CB FRANCE LAVAGE FACT 200625;Carte bancaire;Transports;Entretien de vehicule;12;
Jun;23/06/2025;BEYNES BARBER;CB BEYNES BARBER FACT 200625;Carte bancaire;Shopping et services;Coiffeurs et soins du corps;15;
Jun;23/06/2025;PISCINE SQY.CB;CB PISCINE SQY.CB FACT 200625;Carte bancaire;Loisirs et vacances;Sport;45;
Jun;21/06/2025;INDIGO;CB INDIGO 921008 FACT 180625;Carte bancaire;Transports;Peage et Stationnement;5.5;
Jun;20/06/2025;CAFE & CIE;CB SES43206HOPFOCH FACT 180625;Carte bancaire;Shopping et services;Restaurant;9.6;
Jun;19/06/2025;STE DE GESTION ADMINIS;VIR SEPA STE DE GESTION ADMINIS;Virement recu;Rentree d'argent;Aides et allocations;;790.00
Jun;18/06/2025;STE DE GESTION ADMINIS;VIR SEPA STE DE GESTION ADMINIS;Virement recu;Rentree d'argent;Aides et allocations;;6.00
Jun;18/06/2025;SOCIETE DES AUTOROUTES PARIS NORMANDIE S.A.P.N.;CB SAPN FACT 170625;Carte bancaire;Transports;Peage et Stationnement;10.7;
Jun;16/06/2025;IKEA;CB IKEA PLAISIR FACT 140625;Carte bancaire;Logement - maison;Ameublement et travaux;49.9;
Jun;16/06/2025;AUCHAN DAC;CB AUCHAN DAC FACT 130625;Carte bancaire;Transports;Carburant;63.9;
Jun;16/06/2025;MARNIERE;CB MARNIERE FACT 120625;Carte bancaire;Shopping et services;Alimentation;4.57;
Jun;14/06/2025;LE GRAND PALAIS;CB LE GRAND PALAIS FACT 120625;Carte bancaire;Shopping et services;Restaurant;15.9;
Jun;14/06/2025;INDIGO;CB INDIGO0750804 FACT 120625;Carte bancaire;Transports;Peage et Stationnement;48.5;
Jun;13/06/2025;SOFT CONTROL;VIR SEPA SOFT CONTROL;Virement recu;Rentree d'argent;SOFT CONTROL;;152.75
Jun;13/06/2025;SOFT CONTROL;VIR SEPA SOFT CONTROL;Virement recu;Rentree d'argent;SOFT CONTROL;;264.24
Jun;13/06/2025;B.LOUISE PLAISI;CB B.LOUISE PLAISI FACT 110625;Carte bancaire;Shopping et services;Small Shops;2.35;
Jun;11/06/2025;MARNIERE;CB MARNIERE FACT 090625;Carte bancaire;Shopping et services;Alimentation;8.43;
Jun;06/06/2025;Q-PARK TOULON;CB MAYOL BS FACT 040625;Carte bancaire;Transports;Peage et Stationnement;2.1;
Jun;05/06/2025;CAF DES YVELINES;VIR SEPA CAF DES YVELINES;Virement recu;Aides;Aides et allocations;;347.65
Jun;04/06/2025;ADMIRAL INTERMEDIARY SERVICES;PRLV LOLIVIER ASSURANCE EUI Fra;Prelevement;Impots & taxes & assurances;Assurance ;46.32;
Jun;03/06/2025;SOCIETE DES AUTOROUTES PARIS NORMANDIE S.A.P.N.;CB SAPN FACT 020625;Carte bancaire;Transports;Peage et Stationnement;6.5;
Jun;02/06/2025;CPT DEPOT PART.;CPT DEPOT PART.;Virement;"
Miscellaneous";"
Miscellaneous";50;
Jun;02/06/2025;NEWREST WAGONS-;CB NEWREST WAGONS- FACT 310525;Carte bancaire;Shopping et services;Restaurant;3.1;
Jun;02/06/2025;LE SECRET DU PL;CB LE SECRET DU PL FACT 300525;Carte bancaire;Shopping et services;Small Shops;2.4;
May;30/05/2025;SOFT CONTROL;VIR SEPA SOFT CONTROL;Virement recu;Rentree d'argent;SOFT CONTROL;;2,088.22
May;30/05/2025;SAS AUX SAVEU;CB SAS AUX SAVEU FACT 280525;Carte bancaire;Shopping et services;Small Shops;1.3;
May;29/05/2025;STE DE GESTION ADMINIS;VIR SEPA STE DE GESTION ADMINIS;Virement recu;Rentree d'argent;Aides et allocations;;10.50
May;28/05/2025;CPAM DES YVELINES;VIR SEPA CPAM DES YVELINES;Virement recu;Aides;Remboursements de soins;;69.50
May;22/05/2025;aux saveurs;CB aux saveurs FACT 210525;Carte bancaire;Shopping et services;Small Shops;1.3;
May;22/05/2025;aux saveurs;CB aux saveurs FACT 200525;Carte bancaire;Shopping et services;Small Shops;1.3;
May;20/05/2025;AMAZON;CB AMAZON PAYMENTS FACT 170525;Carte bancaire;Shopping et services;Shopping et services - autre;50.06;
May;19/05/2025;STE DE GESTION ADMINIS;VIR SEPA STE DE GESTION ADMINIS;Virement recu;Rentree d'argent;Aides et allocations;;23.18
May;19/05/2025;aux saveurs;CB aux saveurs FACT 160525;Carte bancaire;Shopping et services;Small Shops;3.15;
May;17/05/2025;PcComponentes;CB PcComponentes FACT 150525;Carte bancaire;Shopping et services;Shopping et services - autre;50.16;
May;16/05/2025;SA BOULANGERIE PATISSERIE DE L'EGLISE;CB MMR FACT 140525;Carte bancaire;Shopping et services;Small Shops;9.5;
May;15/05/2025;AUCHAN DAC;CB AUCHAN DAC FACT 140525;Carte bancaire;Transports;Carburant;61.95;
May;15/05/2025;SUPER JET;CB FRANCE LAVAGE FACT 140525;Carte bancaire;Transports;Entretien de vehicule;12;
May;15/05/2025;COFIROUTE VAUCR;CB COFIROUTE VAUCR FACT 130525;Carte bancaire;Transports;Peage et Stationnement;8.7;
May;14/05/2025;CPAM DES YVELINES;VIR SEPA CPAM DES YVELINES;Virement recu;Aides;Remboursements de soins;;46.42
May;14/05/2025;COFIROUTE VAUCR;CB COFIROUTE VAUCR FACT 120525;Carte bancaire;Transports;Peage et Stationnement;8.7;
May;14/05/2025;aux saveurs;CB aux saveurs FACT 120525;Carte bancaire;Shopping et services;Small Shops;3.7;
May;12/05/2025;SOFT CONTROL;VIR SEPA SOFT CONTROL;Virement recu;Rentree d'argent;SOFT CONTROL;;204.95
May;10/05/2025;VIREMENT VERS CPT DEPOT PART.;VIREMENT VERS CPT DEPOT PART.;Virement;"
Miscellaneous";"
Miscellaneous";50;
May;10/05/2025;SOCIETE DES AUTOROUTES PARIS NORMANDIE S.A.P.N.;CB SAPN FACT 090525;Carte bancaire;Transports;Peage et Stationnement;21.4;
May;09/05/2025;INDIGO;CB INDIGO 921008 FACT 070525;Carte bancaire;Transports;Peage et Stationnement;5.5;
May;08/05/2025;INDIGO;CB INDIGO 921008 FACT 060525;Carte bancaire;Transports;Peage et Stationnement;12.5;
May;07/05/2025;INDIGO;CB INDIGO 921008 FACT 050525;Carte bancaire;Transports;Peage et Stationnement;15.5;
May;05/05/2025;ADMIRAL INTERMEDIARY SERVICES;PRLV LOLIVIER ASSURANCE EUI Fra;Prelevement;Impots & taxes & assurances;Assurance ;46.32;
May;05/05/2025;CAF DES YVELINES;VIR SEPA CAF DES YVELINES;Virement recu;Aides;Aides et allocations;;347.65
May;03/05/2025;MARNIERE;CB MARNIERE FACT 300425;Carte bancaire;Shopping et services;Alimentation;9.91;
May;02/05/2025;SOFT CONTROL;VIR SEPA SOFT CONTROL;Virement recu;Rentree d'argent;SOFT CONTROL;;1,856.05
May;02/05/2025;CPAM DES YVELINES;VIR SEPA CPAM DES YVELINES;Virement recu;Aides;Remboursements de soins;;43.00
May;02/05/2025;aux saveurs;CB aux saveurs FACT 290425;Carte bancaire;Shopping et services;Small Shops;3.3;
Apr;28/04/2025;ENVOI WERO ALEXANDRE B;ENVOI WERO ALEXANDRE B;Virement;"
Miscellaneous";"
Miscellaneous";7;
Apr;28/04/2025;BEYNES BARBER;CB BEYNES BARBER FACT 260425;Carte bancaire;Shopping et services;Coiffeurs et soins du corps;15;
Apr;26/04/2025;SOCIETE DES AUTOROUTES PARIS NORMANDIE S.A.P.N.;CB SAPN FACT 250425;Carte bancaire;Transports;Peage et Stationnement;21.4;
Apr;26/04/2025;INDIGO;CB INDIGO FACT 240425;Carte bancaire;Transports;Peage et Stationnement;25.7;
Apr;25/04/2025;INDIGO;CB INDIGO 921008 FACT 230425;Carte bancaire;Transports;Peage et Stationnement;1;
Apr;24/04/2025;EFFIA STATIONNEMENT;CB EFFIA FACT 230425;Carte bancaire;Transports;Peage et Stationnement;5.4;
Apr;23/04/2025;PEAGE AUTOROUTE;CB ASF CORZE FACT 170425;Carte bancaire;Transports;Peage et Stationnement;28.2;
Apr;22/04/2025;AUCHAN DAC;CB AUCHAN DAC FACT 190425;Carte bancaire;Transports;Carburant;60;
Apr;22/04/2025;SUPER JET;CB FRANCE LAVAGE FACT 190425;Carte bancaire;Transports;Entretien de vehicule;16;
Apr;19/04/2025;COFIROUTE;CB COFIROUTE FACT 170425;Carte bancaire;Transports;Peage et Stationnement;28.2;
Apr;18/04/2025;INDIGO;CB INDIGO 921008 FACT 160425;Carte bancaire;Transports;Peage et Stationnement;5.5;
Apr;17/04/2025;AUCHAN DAC;CB AUCHAN DAC FACT 160425;Carte bancaire;Transports;Carburant;62.04;
Apr;17/04/2025;SERVICE NAVIGO;CB SERVICE NAVIGO FACT 160425;Carte bancaire;Transports;Peage et Stationnement;2.5;
Apr;17/04/2025;SOCIETE DES AUTOROUTES PARIS NORMANDIE S.A.P.N.;CB SAPN FACT 160425;Carte bancaire;Transports;Peage et Stationnement;6.5;
Apr;17/04/2025;SOCIETE DES AUTOROUTES PARIS NORMANDIE S.A.P.N.;CB SAPN FACT 160425;Carte bancaire;Transports;Peage et Stationnement;10.7;
Apr;17/04/2025;MARNIERE;CB MARNIERE FACT 140425;Carte bancaire;Shopping et services;Alimentation;4;
Apr;12/04/2025;SERVICE NAVIGO;CB SERVICE NAVIGO FACT 110425;Carte bancaire;Transports;Peage et Stationnement;5;
Apr;12/04/2025;SERVICE NAVIGO;CB SERVICE NAVIGO FACT 110425;Carte bancaire;Transports;Peage et Stationnement;2.5;
Apr;10/04/2025;STE DE GESTION ADMINIS;VIR SEPA STE DE GESTION ADMINIS;Virement recu;Rentree d'argent;Aides et allocations;;65.00
Apr;10/04/2025;INDIGO;CB INDIGO FACT 080425;Carte bancaire;Transports;Peage et Stationnement;25.7;
Apr;09/04/2025;BURGER KING;CB BURGER KING FACT 080425;Carte bancaire;Shopping et services;Restaurant;10.8;
Apr;08/04/2025;SERVICE NAVIGO;CB SERVICE NAVIGO FACT 070425;Carte bancaire;Transports;Peage et Stationnement;2.5;
Apr;08/04/2025;SERVICE NAVIGO;CB SERVICE NAVIGO FACT 070425;Carte bancaire;Transports;Peage et Stationnement;2.5;
Apr;08/04/2025;SERVICE NAVIGO;CB SERVICE NAVIGO FACT 070425;Carte bancaire;Transports;Peage et Stationnement;2.5;
Apr;07/04/2025;CARREFOUR;CB CARREFOUR FACT 040425;Carte bancaire;Shopping et services;Alimentation;81.69;
Apr;04/04/2025;ADMIRAL INTERMEDIARY SERVICES;PRLV LOLIVIER ASSURANCE EUI Fra;Prelevement;Impots & taxes & assurances;Assurance ;46.32;
Mar;31/03/2025;SOFT CONTROL;VIR SEPA SOFT CONTROL;Virement recu;Rentree d'argent;SOFT CONTROL;;2,106.76
Mar;27/03/2025;INDIGO;CB INDIGO 782001 FACT 250325;Carte bancaire;Transports;Peage et Stationnement;2.7;
Mar;26/03/2025;SOCIETE DES AUTOROUTES PARIS NORMANDIE S.A.P.N.;CB SAPN FACT 250325;Carte bancaire;Transports;Peage et Stationnement;6.5;
Mar;24/03/2025;AUCHAN DAC;CB AUCHAN DAC FACT 230325;Carte bancaire;Transports;Carburant;53.02;
Mar;24/03/2025;RELAIS H MARRON;CB RELAIS H MARRON FACT 220325;Carte bancaire;Shopping et services;Livres;7.45;
Mar;21/03/2025;QPLD P1P2 AUT;CB QPLD P1P2 AUT FACT 200325;Carte bancaire;Transports;Peage et Stationnement;9.9;
Mar;20/03/2025;DAFY MOTO;CB DAFY MOTO FACT 190325;Carte bancaire;Shopping et services;Sport;51.16;
Mar;20/03/2025;aux saveurs;CB aux saveurs FACT 190325;Carte bancaire;Shopping et services;Small Shops;6.4;
Mar;18/03/2025;SOFT CONTROL;VIR SEPA SOFT CONTROL;Virement recu;Rentree d'argent;SOFT CONTROL;;596.78
Mar;17/03/2025;INDIGO;CB INDIGO 921008 FACT 140325;Carte bancaire;Transports;Peage et Stationnement;5;
Mar;17/03/2025;INDIGO;CB INDIGO FACT 140325;Carte bancaire;Transports;Peage et Stationnement;4.1;
Mar;14/03/2025;AUCHAN DAC;CB AUCHAN DAC FACT 130325;Carte bancaire;Transports;Carburant;62.95;
Mar;13/03/2025;LE SECRET DU PL;CB LE SECRET DU PL FACT 120325;Carte bancaire;Shopping et services;Small Shops;2.5;
Mar;11/03/2025;AUCHAN SUPERMAR;CB AUCHAN SUPERMAR FACT 090325;Carte bancaire;Shopping et services;Shopping et services - autre;10.1;
Mar;10/03/2025;PEDRA ALTA;CB PEDRA ALTA FACT 080325;Carte bancaire;Shopping et services;Restaurant;62.65;
Mar;10/03/2025;SOCIETE DES AUTOROUTES PARIS NORMANDIE S.A.P.N.;CB SAPN FACT 080325;Carte bancaire;Transports;Peage et Stationnement;17.2;
Mar;10/03/2025;SOCIETE DES AUTOROUTES PARIS NORMANDIE S.A.P.N.;CB SAPN FACT 080325;Carte bancaire;Transports;Peage et Stationnement;21.4;
Mar;06/03/2025;BEYNES BARBER;CB BEYNES BARBER FACT 050325;Carte bancaire;Shopping et services;Coiffeurs et soins du corps;15;
Mar;06/03/2025;INDIGO;CB INDIGO FACT 050325;Carte bancaire;Transports;Peage et Stationnement;15.8;
Mar;06/03/2025;INDIGO;CB INDIGO 921008 FACT 040325;Carte bancaire;Transports;Peage et Stationnement;3;
Mar;06/03/2025;INDIGO;CB INDIGO 782001 FACT 040325;Carte bancaire;Transports;Peage et Stationnement;1.8;
Mar;05/03/2025;SUPER JET;CB FRANCE LAVAGE FACT 040325;Carte bancaire;Transports;Entretien de vehicule;12;
Mar;05/03/2025;SOCIETE DES AUTOROUTES PARIS NORMANDIE S.A.P.N.;CB SAPN FACT 040325;Carte bancaire;Transports;Peage et Stationnement;21.4;
Mar;05/03/2025;INDIGO;CB INDIGO FACT 030325;Carte bancaire;Transports;Peage et Stationnement;25.7;
Mar;04/03/2025;ADMIRAL INTERMEDIARY SERVICES;PRLV LOLIVIER ASSURANCE EUI Fra;Prelevement;Impots & taxes & assurances;Assurance ;46.32;
Mar;04/03/2025;CASTORAMA;CB CASTORAMA FACT 010325;Carte bancaire;Logement - maison;Ameublement et travaux;15.28;
Mar;03/03/2025;SOFT CONTROL;VIR SEPA SOFT CONTROL;Virement recu;Rentree d'argent;SOFT CONTROL;;2,319.17
Mar;01/03/2025;MARNIERE;CB MARNIERE FACT 280225;Carte bancaire;Shopping et services;Alimentation;2.79;
Mar;01/03/2025;SOCIETE DES AUTOROUTES PARIS NORMANDIE S.A.P.N.;CB SAPN FACT 280225;Carte bancaire;Transports;Peage et Stationnement;10.7;
Feb;28/02/2025;LE SECRET DU PL;CB LE SECRET DU PL FACT 270225;Carte bancaire;Shopping et services;Small Shops;2.05;
Feb;28/02/2025;INDIGO;CB INDIGO FACT 260225;Carte bancaire;Transports;Peage et Stationnement;15.8;
Feb;27/02/2025;AUCHAN DAC;CB AUCHAN DAC FACT 260225;Carte bancaire;Transports;Carburant;61.2;
Feb;27/02/2025;SOCIETE DES AUTOROUTES PARIS NORMANDIE S.A.P.N.;CB SAPN FACT 260225;Carte bancaire;Transports;Peage et Stationnement;17.2;
Feb;27/02/2025;INDIGO;CB INDIGO FACT 250225;Carte bancaire;Transports;Peage et Stationnement;14.9;
Feb;26/02/2025;DGFIP;PRLV DIRECTION GENERALE DES FINA;Prelevement;Impots & taxes & assurances;Impots et taxes - autre;1141;
Feb;26/02/2025;aux saveurs;CB aux saveurs FACT 250225;Carte bancaire;Shopping et services;Small Shops;8.1;
Feb;22/02/2025;SUBWAY;CB SUBWAY FACT 200225;Carte bancaire;Shopping et services;Restaurant;8.5;
Feb;22/02/2025;INDIGO;CB INDIGO 921008 FACT 200225;Carte bancaire;Transports;Peage et Stationnement;6.5;
Feb;20/02/2025;SERVICE NAVIGO;CB SERVICE NAVIGO FACT 190225;Carte bancaire;Transports;Peage et Stationnement;2.5;
Feb;18/02/2025;QPLD P1P2 AUT;CB QPLD P1P2 AUT FACT 170225;Carte bancaire;Transports;Peage et Stationnement;12.7;
Feb;18/02/2025;SOCIETE DES AUTOROUTES PARIS NORMANDIE S.A.P.N.;CB SAPN FACT 170225;Carte bancaire;Transports;Peage et Stationnement;10.7;
Feb;18/02/2025;SERVICE NAVIGO;CB SERVICE NAVIGO FACT 160225;Carte bancaire;Transports;Peage et Stationnement;2.5;
Feb;18/02/2025;Booking.com;CB Booking.com FACT 160225;Carte bancaire;Loisirs et vacances;Hotel;83.4;
Feb;18/02/2025;Trainline SAS;CB Trainline SAS FACT 160225;Carte bancaire;Loisirs et vacances;Trains;124.00;
Feb;15/02/2025;INDIGO;CB INDIGO 782001 FACT 130225;Carte bancaire;Transports;Peage et Stationnement;2.2;
Feb;14/02/2025;SOCIETE DES AUTOROUTES PARIS NORMANDIE S.A.P.N.;CB SAPN FACT 130225;Carte bancaire;Transports;Peage et Stationnement;10.7;
Feb;14/02/2025;SOCIETE DES AUTOROUTES PARIS NORMANDIE S.A.P.N.;CB SAPN FACT 130225;Carte bancaire;Transports;Peage et Stationnement;21.4;
Feb;14/02/2025;INDIGO;CB INDIGO FACT 120225;Carte bancaire;Transports;Peage et Stationnement;25.7;
Feb;12/02/2025;INDIGO;CB INDIGO 0751723 FACT 110225;Carte bancaire;Transports;Peage et Stationnement;5.6;
Feb;12/02/2025;AUCHAN DAC;CB AUCHAN DAC FACT 110225;Carte bancaire;Transports;Carburant;58.88;
Feb;12/02/2025;AMAZON;CB AMAZON PAYMENTS FACT 100225;Carte bancaire;Shopping et services;Shopping et services - autre;37.77;
Feb;11/02/2025;SOFT CONTROL;VIR SEPA SOFT CONTROL;Virement recu;Rentree d'argent;SOFT CONTROL;;166.13
Feb;11/02/2025;SOFT CONTROL;VIR SEPA SOFT CONTROL;Virement recu;Rentree d'argent;SOFT CONTROL;;689.12
Feb;07/02/2025;INDIGO;CB INDIGO 782001 FACT 060225;Carte bancaire;Transports;Peage et Stationnement;2.8;
Feb;06/02/2025;HOPITAL SAINT CAMILLE;CB HOP ST CAMILLE FACT 050225;Carte bancaire;Sante;Consultation medicale;11.2;
Feb;04/02/2025;ADMIRAL INTERMEDIARY SERVICES;PRLV LOLIVIER ASSURANCE EUI Fra;Prelevement;Impots & taxes & assurances;Assurance ;46.32;
Feb;03/02/2025;AUCHAN DAC;CB AUCHAN DAC FACT 310125;Carte bancaire;Transports;Carburant;70.9;
Feb;01/02/2025;SOCIETE DES AUTOROUTES PARIS NORMANDIE S.A.P.N.;CB SAPN FACT 310125;Carte bancaire;Transports;Peage et Stationnement;10.6;
Jan;31/01/2025;SOFT CONTROL;VIR SEPA SOFT CONTROL;Virement recu;Rentree d'argent;SOFT CONTROL;;2,445.96
Jan;31/01/2025;INDIGO;CB INDIGO FACT 290125;Carte bancaire;Transports;Peage et Stationnement;14;
Jan;30/01/2025;AUCHAN DAC;CB AUCHAN DAC FACT 290125;Carte bancaire;Transports;Carburant;65.85;
Jan;30/01/2025;BRASSERIE DISTR;CB BRASSERIE DISTR FACT 290125;Carte bancaire;Shopping et services;Restaurant;19.42;
Jan;29/01/2025;Y S D;CB FRANCE PARE BRI FACT 280125;Carte bancaire;Transports;Entretien de vehicule;90;
Jan;29/01/2025;PEAGE AUTOROUTE;CB ASF CORZE FACT 270125;Carte bancaire;Transports;Peage et Stationnement;28;
Jan;28/01/2025;COFIROUTE;CB COFIROUTE FACT 270125;Carte bancaire;Transports;Peage et Stationnement;28;
Jan;27/01/2025;AUCHAN DAC;CB AUCHAN DAC FACT 260125;Carte bancaire;Transports;Carburant;63.24;
Jan;25/01/2025;SOCIETE DES AUTOROUTES PARIS NORMANDIE S.A.P.N.;CB SAPN FACT 240125;Carte bancaire;Transports;Peage et Stationnement;10.6;
Jan;25/01/2025;INDIGO;CB INDIGO FACT 230125;Carte bancaire;Transports;Peage et Stationnement;1;
Jan;24/01/2025;BONOBO;CB BONOBO FACT 230125;Carte bancaire;Shopping et services;Vetements & chaussures et maison ;31.99;
Jan;24/01/2025;SUPER JET;CB FRANCE LAVAGE FACT 230125;Carte bancaire;Transports;Entretien de vehicule;16;
Jan;24/01/2025;CAFE & CIE;CB SES43206HOPFOCH FACT 230125;Carte bancaire;Shopping et services;Restaurant;8.8;
Jan;20/01/2025;PAYPAL;CB PAYPAL KINGUIN FACT 180125;Carte bancaire;Shopping et services;Shopping et services - autre;30.52;
Jan;18/01/2025;SOCIETE DES AUTOROUTES PARIS NORMANDIE S.A.P.N.;CB SAPN FACT 170125;Carte bancaire;Transports;Peage et Stationnement;42.4;
Jan;18/01/2025;PEAGE AUTOROUTE;CB ASF CORZE FACT 130125;Carte bancaire;Transports;Peage et Stationnement;28;
Jan;17/01/2025;INDIGO;CB INDIGO FACT 150125;Carte bancaire;Transports;Peage et Stationnement;25.7;
Jan;16/01/2025;INDIGO;CB INDIGO FACT 140125;Carte bancaire;Transports;Peage et Stationnement;25.7;
Jan;14/01/2025;DISTRIBUTEUR AUTOMATIQUE;CB MAXICOFFEE OUES FACT 130125;Carte bancaire;Shopping et services;Shopping et services - autre;0.3;
Jan;14/01/2025;DISTRIBUTEUR AUTOMATIQUE;CB MAXICOFFEE OUES FACT 130125;Carte bancaire;Shopping et services;Shopping et services - autre;0.3;
Jan;14/01/2025;DISTRIBUTEUR AUTOMATIQUE;CB MAXICOFFEE OUES FACT 130125;Carte bancaire;Shopping et services;Shopping et services - autre;0.3;
Jan;14/01/2025;COFIROUTE;CB COFIROUTE FACT 130125;Carte bancaire;Transports;Peage et Stationnement;28;
Jan;14/01/2025;AUCHAN DAC;CB AUCHAN DAC FACT 130125;Carte bancaire;Transports;Carburant;69.37;
Jan;13/01/2025;AUCHAN DAC;CB AUCHAN DAC FACT 100125;Carte bancaire;Transports;Carburant;60.26;
Jan;06/01/2025;ADMIRAL INTERMEDIARY SERVICES;PRLV LOLIVIER ASSURANCE EUI Fra;Prelevement;Impots & taxes & assurances;Assurance ;46.32;
Jan;06/01/2025;CAF DES YVELINES;VIR SEPA CAF DES YVELINES;Virement recu;Aides;Aides et allocations;;193.30
